,train_rmse,valid_rmse,train_r2,valid_r2,train_mae,valid_mae,train_r,valid_r,train_tau,valid_tau,test_r2,test_r,test_tau,test_auc,test_f1,trainable params,best_epoch,lr,batch_size,kernel_size_1,kernel_size_incept,kernel_number,lamda,model
0,0.08211494133509592,0.1937828220286707,0.917435270182008,0.5562950405526106,0.06407615265351334,0.1532050366666091,0.9597484665303938,0.7484797647601557,0.8222867079096658,0.5608493099395693,0.5924422869264535,0.7719306337484764,0.5788913503130443,,,775153,40,0.0001,32,"(3, 3, 21)","(1, 3, 5)","(36, 24, 48)",0.001,Model_2
