,train_rmse,valid_rmse,train_r2,valid_r2,train_mae,valid_mae,train_r,valid_r,train_tau,valid_tau,test_r2,test_r,test_tau,test_auc,test_f1,trainable params,best_epoch,lr,batch_size,kernel_size_1,kernel_size_incept,kernel_number,lamda,model
0,0.02370527673146354,0.07833070190829458,0.968163761961844,0.5801022405749029,0.013636411858628666,0.03713257417088776,0.9857432631437933,0.7628097496683237,0.4525441518790421,0.36192437067806416,0.6498085714482813,0.8093079831744839,0.35988934095127334,,,2336069,17,0.0001,32,"(3, 3, 27)","(1, 3, 5)","(60, 40, 80)",1e-06,Model_5
