,train_rmse,valid_rmse,train_r2,valid_r2,train_mae,valid_mae,train_r,valid_r,train_tau,valid_tau,test_r2,test_r,test_tau,test_auc,test_f1,trainable params,best_epoch,lr,batch_size,kernel_size_1,kernel_size_incept,kernel_number,lamda,model
0,0.10330753241954055,0.1977193458163814,0.8635089362960329,0.5374748181560555,0.07674158088411286,0.15381484353646804,0.932523853432759,0.7348770952325158,0.7244650840489059,0.5343627368069787,0.5948911993177436,0.7721104383986747,0.5753411178502292,,,2004049,16,0.0001,32,"(3, 3, 21)","(1, 3, 5)","(60, 40, 80)",1e-07,Model_2
