,train_rmse,valid_rmse,train_r2,valid_r2,train_mae,valid_mae,train_r,valid_r,train_tau,valid_tau,test_r2,test_r,test_tau,test_auc,test_f1,trainable params,best_epoch,lr,batch_size,kernel_size_1,kernel_size_incept,kernel_number,lamda,model
0,0.08314096651685755,0.16588980264093384,0.9030303512642781,0.6527275066709062,0.06013965469586219,0.12299491587136534,0.9526907569695388,0.8079685301510299,0.7708833460513317,0.5892282707893916,0.6445540499314928,0.8028596087998594,0.5985464945210458,,,1215905,17,0.0001,32,"(3, 3, 27)","(1, 3, 5)","(48, 32, 64)",0.0001,Model_1
