,train_rmse,valid_rmse,train_r2,valid_r2,train_mae,valid_mae,train_r,valid_r,train_tau,valid_tau,test_r2,test_r,test_tau,test_auc,test_f1,trainable params,best_epoch,lr,batch_size,kernel_size_1,kernel_size_incept,kernel_number,lamda,model
0,0.07907982486233849,0.1525017106486511,0.8896371680553002,0.5908069193682264,0.06247131075695863,0.117066752942115,0.9505311863609325,0.7731122246653013,0.7654583255676188,0.5406647807471803,0.6534441374570193,0.8113247038833402,0.5695804350877747,,,771913,50,0.0001,32,"(3, 3, 11)","(1, 3, 5)","(36, 24, 48)",0.001,Model_2
