,train_rmse,valid_rmse,train_r2,valid_r2,train_mae,valid_mae,train_r,valid_r,train_tau,valid_tau,test_r2,test_r,test_tau,test_auc,test_f1,trainable params,best_epoch,lr,batch_size,kernel_size_1,kernel_size_incept,kernel_number,lamda,model
0,0.08117623706639539,0.25545986631090406,0.8224821471247865,-0.6202700698469894,0.06566855212154422,0.21165287413123993,0.9612705376769645,-0.7108644333351638,0.831192216456612,-0.5714285714285714,0.11473800857354477,0.5208405903420277,0.4225771273642583,,,1503953,133,0.0001,32,"(3, 3, 27)","(1, 3, 5)","(48, 32, 64)",1e-06,Model_5
