,train_rmse,valid_rmse,train_r2,valid_r2,train_mae,valid_mae,train_r,valid_r,train_tau,valid_tau,test_r2,test_r,test_tau,test_auc,test_f1,trainable params,best_epoch,lr,batch_size,kernel_size_1,kernel_size_incept,kernel_number,lamda,model
0,0.08616006445817152,0.16841877983044945,0.8921362520406992,0.6043144386372334,0.06426564505804865,0.11914751411693969,0.9480734757954448,0.7775437100994209,0.7504773648363736,0.5900388518199112,0.6206386005999409,0.7882240219044414,0.5960464372431895,,,1503953,13,0.0001,32,"(3, 3, 27)","(1, 3, 5)","(48, 32, 64)",1e-06,Model_5
