,train_rmse,valid_rmse,train_r2,valid_r2,train_mae,valid_mae,train_r,valid_r,train_tau,valid_tau,test_r2,test_r,test_tau,test_auc,test_f1,trainable params,best_epoch,lr,batch_size,kernel_size_1,kernel_size_incept,kernel_number,lamda,model
0,0.03359381772050108,0.1646103893179329,0.9886200913627294,0.7201522737660875,0.02248146318937865,0.10180595092555418,0.9957615918867436,0.8502970064967625,0.7328326541179866,0.523890067915413,0.7567942875266886,0.8719738017899732,0.5719992312068093,,,384041,132,0.0001,32,"(3, 3, 7)","(1, 3, 5)","(24, 16, 32)",0.0001,Model_5
