,train_rmse,valid_rmse,train_r2,valid_r2,train_mae,valid_mae,train_r,valid_r,train_tau,valid_tau,test_r2,test_r,test_tau,test_auc,test_f1,trainable params,best_epoch,lr,batch_size,kernel_size_1,kernel_size_incept,kernel_number,lamda,model
0,0.008098821831356668,0.1414349029949855,0.9985091628592407,0.5013189269068322,0.005871003899973785,0.07421556810823086,0.9993960107113857,0.7089888473794562,0.5700056017013237,0.412111233392122,0.5410416557233458,0.737277728131783,0.44661257054378967,,,398369,185,0.0001,32,"(3, 3, 21)","(1, 3, 5)","(60, 40, 80)",1e-07,Model_6
