,train_rmse,valid_rmse,train_r2,valid_r2,train_mae,valid_mae,train_r,valid_r,train_tau,valid_tau,test_r2,test_r,test_tau,test_auc,test_f1,trainable params,best_epoch,lr,batch_size,kernel_size_1,kernel_size_incept,kernel_number,lamda,model
0,0.059081565935737636,0.1268064581113055,0.9511341778427645,0.7661079432127527,0.042029057178119715,0.08666335856589961,0.9768099754785543,0.8757060432323691,0.7597407169294137,0.6255285613112308,0.7115675619420919,0.8532030609439639,0.6433211967976058,,,316337,30,0.0001,32,"(3, 3, 27)","(1, 3, 5)","(24, 16, 32)",0.0001,Model_1
