,train_rmse,valid_rmse,train_r2,valid_r2,train_mae,valid_mae,train_r,valid_r,train_tau,valid_tau,test_r2,test_r,test_tau,test_auc,test_f1,trainable params,best_epoch,lr,batch_size,kernel_size_1,kernel_size_incept,kernel_number,lamda,model
0,0.03551358543531005,0.12485511910651376,0.9728932930987869,0.6908522274607432,0.023724885200307286,0.07742216879865924,0.9873599162268536,0.8329424434969267,0.6780142335197019,0.4782140244407448,0.7252816089864313,0.8526129316851099,0.546133438713822,,,384041,31,0.0001,32,"(3, 3, 7)","(1, 3, 5)","(24, 16, 32)",0.0001,Model_5
