,train_rmse,valid_rmse,train_r2,valid_r2,train_mae,valid_mae,train_r,valid_r,train_tau,valid_tau,test_r2,test_r,test_tau,test_auc,test_f1,trainable params,best_epoch,lr,batch_size,kernel_size_1,kernel_size_incept,kernel_number,lamda,model
0,0.03926104270694974,0.1675100285626804,0.9836934267791463,0.7046191681655631,0.030756410327232565,0.1327933780063194,0.9930017746078231,0.8490513383583614,0.9208568662442678,0.6393571532095015,0.6041877012710026,0.7840092900160403,0.573938565477065,,,1882769,190,0.0001,32,"(3, 3, 21)","(1, 3, 5)","(60, 40, 80)",0.001,Model_1
