,train_rmse,valid_rmse,train_r2,valid_r2,train_mae,valid_mae,train_r,valid_r,train_tau,valid_tau,test_r2,test_r,test_tau,test_auc,test_f1,trainable params,best_epoch,lr,batch_size,kernel_size_1,kernel_size_incept,kernel_number,lamda,model
0,0.025122052374436092,0.15952894489920452,0.9897269337191225,0.6494144930231414,0.022211929758106447,0.11929648881516856,0.9984407007500999,0.8067652912382468,0.9755469755469753,0.46153846153846145,0.6127256587154835,0.787722976072533,0.6000000000000001,,,466009,157,0.0001,32,"(3, 3, 7)","(1, 3, 5)","(60, 40, 80)",1e-06,Model_3
