,train_rmse,valid_rmse,train_r2,valid_r2,train_mae,valid_mae,train_r,valid_r,train_tau,valid_tau,test_r2,test_r,test_tau,test_auc,test_f1,trainable params,best_epoch,lr,batch_size,kernel_size_1,kernel_size_incept,kernel_number,lamda,model
0,0.004906155853103376,0.07279049254678084,0.9986690083959229,0.625309212477529,0.004054368457665068,0.04190743192782251,0.9997682407229906,0.795098269099973,0.602532270651762,0.3154317520168507,0.6516776643305493,0.8240897532109127,0.5231757822184586,,,329377,45,0.0001,32,"(3, 3, 27)","(1, 3, 5)","(48, 32, 64)",1e-06,Model_3
