,train_rmse,valid_rmse,train_r2,valid_r2,train_mae,valid_mae,train_r,valid_r,train_tau,valid_tau,test_r2,test_r,test_tau,test_auc,test_f1,trainable params,best_epoch,lr,batch_size,kernel_size_1,kernel_size_incept,kernel_number,lamda,model
0,0.023289191381295465,0.20008913356132413,0.9949096503881639,0.5942149136309327,0.015812705347109306,0.12503822211377996,0.998074484858556,0.7765994199476365,0.7113920816577339,0.5101605406944028,0.6883935635485909,0.833100062638791,0.5778806218731786,,,2325269,173,0.0001,32,"(3, 3, 7)","(1, 3, 5)","(60, 40, 80)",0.001,Model_5
