,train_rmse,valid_rmse,train_r2,valid_r2,train_mae,valid_mae,train_r,valid_r,train_tau,valid_tau,test_r2,test_r,test_tau,test_auc,test_f1,trainable params,best_epoch,lr,batch_size,kernel_size_1,kernel_size_incept,kernel_number,lamda,model
0,0.023115823808971234,0.14158203809929404,0.9870027707729967,0.5690490189411601,0.015163299357815723,0.08703027303915695,0.9940705881170661,0.7556909832511362,0.7425245499262684,0.44828467318748044,0.5181604801634605,0.7317525463439171,0.42604370247385187,,,1505681,41,0.0001,32,"(3, 3, 31)","(1, 3, 5)","(48, 32, 64)",1e-06,Model_5
