seq #,peptide,start,end,peptide length,allele,peptide index,median binding percentile,netmhcpan_ba core,netmhcpan_ba icore,netmhcpan_ba IC50,netmhcpan_ba percentile,ann IC50,ann percentile,smmpmbec IC50,smmpmbec percentile,smm IC50,smm percentile,mhcflurry IC50,mhcflurry percentile
1,CWNVEQARF,1,9,9,HLA-A*24:02,1,1.0,CWNVEQARF,CWNVEQARF,279.97,0.29,368.75,0.58,851.0596491020302,1.5,572.3082415101953,1.0,116.75,1.4
2,RVAVILNEF,1,9,9,HLA-A*24:02,2,1.6,RVAVILNEF,RVAVILNEF,967.57,0.65,1569.41,1.9,907.7369206678108,1.6,854.338543482408,1.5,470.11,2.8
3,KYISTSLPV,1,9,9,HLA-A*24:02,3,0.8,KYISTSLPV,KYISTSLPV,131.44,0.17,240.27,0.39,454.9461561308376,0.8,453.55504284176845,0.8,94.6,1.2
4,IWEQLASRF,1,9,9,HLA-A*24:02,4,0.8,IWEQLASRF,IWEQLASRF,401.23,0.37,94.75,0.17,434.4702061439005,0.8,433.1417032665245,0.8,100.92,1.2
5,FFNKGGSVF,1,9,9,HLA-A*24:02,5,0.88,FFNKGGSVF,FFNKGGSVF,290.57,0.3,598.67,0.86,1009.1599347312964,1.7,1317.1341194590916,2.3,77.94,0.88
6,LMKGGANLF,1,9,9,HLA-A*24:02,6,1.7,LMKGGANLF,LMKGGANLF,1258.68,0.76,821.12,1.2,1018.4975766405184,1.7,989.988158677964,1.7,232.21,2.0
7,LFTKLHPAF,1,9,9,HLA-A*24:02,7,0.73,LFTKLHPAF,LFTKLHPAF,234.04,0.27,490.66,0.73,809.0213821238207,1.4,854.3385434824045,1.5,41.58,0.28
8,SYYMPQLFW,1,9,9,HLA-A*24:02,8,0.3,SYYMPQLFW,SYYMPQLFW,41.79,0.07,67.36,0.12,205.09732685070875,0.4,156.9025493305815,0.3,71.34,0.79
9,EMQSLHFAF,1,9,9,HLA-A*24:02,9,0.9,EMQSLHFAF,EMQSLHFAF,365.9,0.35,435.21,0.69,628.0005151645744,1.1,515.9765923596126,0.9,297.74,2.3
10,KYSDVIKVL,1,9,9,HLA-A*24:02,10,0.69,KYSDVIKVL,KYSDVIKVL,247.58,0.28,439.64,0.69,837.4521463815693,1.5,969.6834870982608,1.7,37.29,0.15
11,DYPGQGFSF,1,9,9,HLA-A*24:02,11,0.2,DYPGQGFSF,DYPGQGFSF,305.51,0.31,100.14,0.18,54.32002985919668,0.2,55.0338632056369,0.2,59.94,0.61
12,RFTLSVPGF,1,9,9,HLA-A*24:02,12,0.91,RFTLSVPGF,RFTLSVPGF,294.69,0.31,636.33,0.91,610.8857576568441,1.1,596.5268551115099,1.0,50.46,0.46
13,VYSFLCKTI,1,9,9,HLA-A*24:02,13,0.3,VYSFLCKTI,VYSFLCKTI,30.2,0.05,55.0,0.1,188.78174666745525,0.4,152.27548801155638,0.3,44.08,0.34
14,QYDPVAALF,1,9,9,HLA-A*24:02,14,0.19,QYDPVAALF,QYDPVAALF,66.55,0.11,104.98,0.19,138.02571323684202,0.3,127.53518015983992,0.3,31.89,0.07
1,HYSPLILAL,1,9,9,HLA-A*24:02,1,0.51,HYSPLILAL,HYSPLILAL,190.48,0.23,314.8,0.51,601.1183698856396,1.0,637.7199450443057,1.1,35.02,0.12
