,train_rmse,valid_rmse,train_r2,valid_r2,train_mae,valid_mae,train_r,valid_r,train_tau,valid_tau,test_r2,test_r,test_tau,test_auc,test_f1,trainable params,best_epoch,lr,batch_size,kernel_size_1,kernel_size_incept,kernel_number,lamda,model
0,0.07404897200140205,0.12949673463380404,0.8976599328106972,0.6857797514488022,0.05047302342564265,0.08810128424352132,0.9500513690915707,0.828879784514522,0.7133993642350753,0.5736668874570378,0.6704863411762012,0.8206545507235539,0.6008732245137092,,,316337,29,0.0001,32,"(3, 3, 27)","(1, 3, 5)","(24, 16, 32)",0.0001,Model_1
