,train_rmse,valid_rmse,train_r2,valid_r2,train_mae,valid_mae,train_r,valid_r,train_tau,valid_tau,test_r2,test_r,test_tau,test_auc,test_f1,trainable params,best_epoch,lr,batch_size,kernel_size_1,kernel_size_incept,kernel_number,lamda,model
0,0.05909582929113799,0.16804193715607119,0.9643376500592615,0.7066545486633653,0.04316120561086361,0.1166277428170402,0.9827050762010439,0.8426921024174214,0.7293036040965697,0.5590148235736148,0.5963116326726461,0.7739955229870286,0.5593857928225927,,,849533,35,0.0001,32,"(3, 3, 11)","(1, 3, 5)","(36, 24, 48)",1e-07,Model_5
