,train_rmse,valid_rmse,train_r2,valid_r2,train_mae,valid_mae,train_r,valid_r,train_tau,valid_tau,test_r2,test_r,test_tau,test_auc,test_f1,trainable params,best_epoch,lr,batch_size,kernel_size_1,kernel_size_incept,kernel_number,lamda,model
0,0.05892938946787584,0.22233840535026092,0.9478632879476229,0.18945194832743106,0.047944884716240005,0.17090425489128297,0.9880142546787041,0.46070825559285045,0.9033147657655821,0.2589723647712103,0.18129511854863167,0.49245141917114227,0.30851063829787234,,,148073,154,5e-05,32,"(3, 3, 7)","(1, 3, 5)","(36, 24, 48)",0.001,Model_6
