,train_rmse,valid_rmse,train_r2,valid_r2,train_mae,valid_mae,train_r,valid_r,train_tau,valid_tau,test_r2,test_r,test_tau,test_auc,test_f1,trainable params,best_epoch,lr,batch_size,kernel_size_1,kernel_size_incept,kernel_number,lamda,model
0,0.12799689669450193,0.18323274840431897,0.7601048359355478,0.4400432497299187,0.1007403139983277,0.14256095930103124,0.8837117180017392,0.6644490598863245,0.7011999457068466,0.48798819061862997,0.36972457385326407,0.6108728512143263,0.4233367510998794,,,468169,20,0.0001,32,"(3, 3, 11)","(1, 3, 5)","(60, 40, 80)",0.0001,Model_3
