allele,peptide,measurement_value,measurement_inequality,measurement_type,measurement_source,pep_len,Normalized_QM
HLA-B*42:01,AINSEMFLL,1474.9354939999994,=,quantitative,kim2014,9,0.32564518947220444
HLA-B*42:01,FPFKYAAAF,23.361506,=,quantitative,kim2014,9,0.7087657859310925
HLA-B*42:01,FPVRPQVPL,3.684403,=,quantitative,kim2014,9,0.8794699419807446
HLA-B*42:01,HPDIVIYQY,36369.648373,=,quantitative,kim2014,9,0.029417276968159545
HLA-B*42:01,HTQGYFPDWQ,18315.509822,=,quantitative,kim2014,10,0.09281842445170696
HLA-B*42:01,IPLTEEAEL,675.658096,=,quantitative,kim2014,9,0.3977984574475252
HLA-B*42:01,PLRPMTYR,995.36463,=,quantitative,kim2014,8,0.3619916276578784
HLA-B*42:01,RILHNFAYSL,37.290013,=,quantitative,kim2014,10,0.6655453145446006
HLA-B*42:01,RPMTYKAAL,2.179908,=,quantitative,kim2014,9,0.9279760958504626
HLA-B*42:01,TPGPGIRYPL,7.4403820000000005,=,quantitative,kim2014,10,0.8145135566682877
HLA-B*42:01,YEFLQPILL,4887.410462,=,quantitative,kim2014,9,0.21491756475549706
