allele,peptide,measurement_value,measurement_inequality,measurement_type,measurement_source,pep_len,Normalized_QM
HLA-B*35:03,AINSEMFLL,41819.467556999996,=,quantitative,kim2014,9,0.01651244957072595
HLA-B*35:03,EPEPDVAVL,193.395778062,=,quantitative,kim2014,9,0.5134152831686115
HLA-B*35:03,FPTSCHMF,749.235723,=,quantitative,kim2014,8,0.3882449827555843
HLA-B*35:03,KTAVQMAVF,48631.01325400001,=,quantitative,kim2014,9,0.0025658146141035454
HLA-B*35:03,NPDIVIYQY,15741.299256299999,=,quantitative,kim2014,9,0.10681690424635037
HLA-B*35:03,WEAWWTEYW,32358.946974000002,=,quantitative,kim2014,9,0.04021639291544454
HLA-B*35:03,YTAVVPLVY,43780.453133999996,=,quantitative,kim2014,9,0.012277105837476654
