,train_rmse,valid_rmse,train_r2,valid_r2,train_mae,valid_mae,train_r,valid_r,train_tau,valid_tau,test_r2,test_r,test_tau,test_auc,test_f1,trainable params,best_epoch,lr,batch_size,kernel_size_1,kernel_size_incept,kernel_number,lamda,model
0,0.02917150395914432,0.22646846793358746,0.9909166474939567,0.5492819692066198,0.023685301039556586,0.17902357835538613,0.996618572794492,0.7417384964123916,0.9437723075917701,0.5555041509874125,0.49201265752476386,0.7089762279385408,0.4988759053837197,,,2332829,71,0.0001,32,"(3, 3, 21)","(1, 3, 5)","(60, 40, 80)",0.0001,Model_5
