,train_rmse,valid_rmse,train_r2,valid_r2,train_mae,valid_mae,train_r,valid_r,train_tau,valid_tau,test_r2,test_r,test_tau,test_auc,test_f1,trainable params,best_epoch,lr,batch_size,kernel_size_1,kernel_size_incept,kernel_number,lamda,model
0,0.08036990938647655,0.15409671191193247,0.914216315131188,0.6597086167537243,0.05634053081181727,0.10163792678859537,0.9582763923644619,0.8136564787517696,0.7421847102839321,0.6080571580456804,0.7043367932987579,0.8453103117835589,0.5993178293798859,,,1503953,15,0.0001,32,"(3, 3, 27)","(1, 3, 5)","(48, 32, 64)",0.0001,Model_5
