,train_rmse,valid_rmse,train_r2,valid_r2,train_mae,valid_mae,train_r,valid_r,train_tau,valid_tau,test_r2,test_r,test_tau,test_auc,test_f1,trainable params,best_epoch,lr,batch_size,kernel_size_1,kernel_size_incept,kernel_number,lamda,model
0,0.060226429438503544,0.18367014661982725,0.9392404485274978,0.51459155507638,0.04603203310103845,0.15074162100277685,0.9723572349276316,0.7203317058647203,0.8530090398657909,0.5135261194029851,0.6205660179869414,0.8091721932288994,0.6259223706849895,,,209377,33,0.0001,32,"(3, 3, 21)","(1, 3, 5)","(36, 24, 48)",1e-07,Model_3
