allele,Description,Quantitative measurement,Normalized_QM
HLA-B_1501,MMKDEPVVF,8812.4,0.16043426577169306
HLA-B_1501,KIGMFNLTF,0.209,1.1446814330080006
HLA-B_1501,KTINALVYF,0.366,1.0928967229420037
HLA-B_1501,GINKRSTPF,0.723,1.0299771444753825
HLA-B_1501,RLFYTFFSY,0.373,1.0911457548773673
HLA-B_1501,YSKLTSMHF,0.574,1.051306585779343
HLA-B_1501,MSIISFFPF,0.168,1.164863942004159
HLA-B_1501,RSANTSAPF,0.6809999999999999,1.0355083960811091
HLA-B_1501,MSIDHCSSF,0.9520000000000001,1.0045463264493735
HLA-B_1501,HINKLFSVF,0.915,1.0082100770802862
HLA-B_1501,FLLSLVEFF,0.816,1.0187934464711734
HLA-B_1501,KVSCSMLEF,0.84,1.0161143216211737
HLA-B_1501,AMIELCGAF,0.336,1.1008009674828911
HLA-B_1501,YVFFEIIHF,0.6920000000000001,1.034027436948033
HLA-B_1501,KTIARFTYF,0.195,1.1510895766481495
HLA-B_1501,LLLSINSSF,0.883,1.0115002428984579
HLA-B_1501,EQKAYVPAM,0.773,1.023796812062748
HLA-B_1501,LLWFLTGTF,0.7759999999999999,1.0234388128973329
HLA-B_1501,LIANIHNHM,0.6679999999999999,1.037289775708882
HLA-B_1501,YMIERFISF,0.109,1.2048477647593308
HLA-B_1501,RLNPEVSYF,0.304,1.1100510145657587
HLA-B_1501,SQVKCCHYF,0.9209999999999999,1.0076060008406462
HLA-B_1501,YQNHGFVSF,0.17300000000000001,1.162153385990569
HLA-B_1501,FVYVPELSF,0.963,1.003484532325245
HLA-B_1501,HMAYSFQTF,0.24600000000000002,1.1296166803224112
HLA-B_1501,LLFYTRHRF,0.846,1.0154565015086192
HLA-B_1501,LMTGTLAVF,0.4,1.0846866458617175
HLA-B_1501,LMMRTTWAL,0.12,1.1959618284651063
HLA-B_1501,LQSGVDVFF,0.93,1.006707225501968
HLA-B_1501,RMVLAFITF,0.79,1.0217862443503773
HLA-B_1501,CLIPTVMAF,0.64,1.041247342680899
HLA-B_1501,AQMWTLMYF,0.725,1.0297218312311276
HLA-B_1501,AQMWSLMYF,0.33,1.1024662978648123
