allele,Description,Quantitative measurement,Normalized_QM
HLA-B_5401,FPVRPQVPD,79.0,0.5961610545418702
HLA-B_5401,FPVRPQVPF,79.0,0.5961610545418702
HLA-B_5401,FPVRPQVPH,79.0,0.5961610545418702
HLA-B_5401,FPVRPQVPM,79.0,0.5961610545418702
HLA-B_5401,FPVRPQVPQ,79.0,0.5961610545418702
HLA-B_5401,FPVRPQVPV,0.79,1.0217862443503773
HLA-B_5401,FPVRPQVPW,79.0,0.5961610545418702
HLA-B_5401,FPVRPQVPY,79.0,0.5961610545418702
HLA-B_5401,LPTTLFQPY,0.83,1.01722120114605
HLA-B_5401,MPFAGLLII,0.27,1.121012952905913
HLA-B_5401,YPALMPLYA,0.63,1.042702858362845
HLA-B_5401,FPVRPQVPK,79.0,0.5961610545418702
HLA-B_5401,DPDSFQDYI,25000.0,0.06406297452126808
HLA-B_5401,FDVRPQVPL,6800.0,0.18439383329330628
HLA-B_5401,FGVRPQVPL,6800.0,0.18439383329330628
HLA-B_5401,FKVRPQVPL,6800.0,0.18439383329330628
HLA-B_5401,FLVRPQVPL,6800.0,0.18439383329330628
HLA-B_5401,FNVRPQVPL,6800.0,0.18439383329330628
HLA-B_5401,FQVRPQVPL,6800.0,0.18439383329330628
HLA-B_5401,FTVRPQVPL,6800.0,0.18439383329330628
HLA-B_5401,GPQFPFTGV,25000.0,0.06406297452126808
HLA-B_5401,GPVTAQVVL,25000.0,0.06406297452126808
HLA-B_5401,HPEDTGQVF,25000.0,0.06406297452126808
HLA-B_5401,HPQKVTKFM,25000.0,0.06406297452126808
HLA-B_5401,IPLYRNGDF,25000.0,0.06406297452126808
HLA-B_5401,IPSYKKLIM,25000.0,0.06406297452126808
HLA-B_5401,LPTNASLSF,25000.0,0.06406297452126808
HLA-B_5401,QPKKVKRRL,25000.0,0.06406297452126808
HLA-B_5401,SPRLKAICI,25000.0,0.06406297452126808
HLA-B_5401,SPSCPLERF,25000.0,0.06406297452126808
HLA-B_5401,VPGTVVRTL,25000.0,0.06406297452126808
HLA-B_5401,VPLSEDQLL,25000.0,0.06406297452126808
HLA-B_5401,DPSRGRLGL,25000.0,0.06406297452126808
HLA-B_5401,HPSDGKCNL,10000.0,0.14874962038298545
HLA-B_5401,QPRPRGDNF,10000.0,0.14874962038298545
HLA-B_5401,HPALVFDIT,0.285,1.1160158799669806
HLA-B_5401,MPNMLRIMA,0.256,1.1259339885426165
HLA-B_5401,DPKVYPIIL,49200.0,0.0014907312798752015
HLA-B_5401,IPYSRVNHA,0.133,1.1864554058068981
HLA-B_5401,MPYNILDRI,0.275,1.1193170643039594
HLA-B_5401,LPCQLMYAL,0.905,1.0092257283521269
HLA-B_5401,VPDIKLDAV,0.504,1.0633265297032946
HLA-B_5401,MPGVLSYVV,0.507,1.062778021650374
HLA-B_5401,VPFVVFLVA,0.87,1.0128710647919805
