allele,Description,Quantitative measurement,Normalized_QM
HLA-B_0801,SSKMFNYFK,20000.0,0.08468664586171759
HLA-B_0801,LPADPASVL,20000.0,0.08468664586171759
HLA-B_0801,FQILHDRFF,20000.0,0.08468664586171759
HLA-B_0801,YQSMIRPPY,20000.0,0.08468664586171759
HLA-B_0801,RPPYSSYGY,20000.0,0.08468664586171759
HLA-B_0801,TEAEKWPFF,20000.0,0.08468664586171759
HLA-B_0801,AAHARFVAA,0.22,1.139940735644409
HLA-B_0801,YLFIRKNVI,0.706,1.03217626390649
HLA-B_0801,ILRKIFYSV,0.102,1.2109823700349778
HLA-B_0801,FIKNKIHLL,0.821,1.0182288550047178
HLA-B_0801,VVAMRHLSL,0.976,1.0022452116790643
HLA-B_0801,FLKHKYGSL,0.135,1.1850759274271812
HLA-B_0801,FPRYHSIEL,0.49200000000000005,1.065553705801143
HLA-B_0801,LIRNKRLSL,0.7829999999999999,1.0226088350945046
HLA-B_0801,FMYTKHSML,0.2,1.1487496203829854
HLA-B_0801,NLLCHIYSL,0.307,1.109143413141511
HLA-B_0801,SIRFHIKEL,0.45299999999999996,1.0731866340218876
HLA-B_0801,FFKQTFGSL,0.735,1.028455738341045
HLA-B_0801,VLRTKITSL,0.92,1.0077064064297132
HLA-B_0801,NARLKPLDI,0.813,1.0191338642985521
HLA-B_0801,MPTYKHLIM,0.13,1.188564014427746
HLA-B_0801,TGFMRFFQL,0.97,1.0028151415568836
HLA-B_0801,WLRAKRKPA,0.629,1.042849678625089
HLA-B_0801,RLKTRIRNL,0.6940000000000001,1.0337607027494873
HLA-B_0801,ALRSRIREL,0.455,1.0727794821050813
HLA-B_0801,ENMLRSMPV,0.213,1.142929279382826
HLA-B_0801,LFLRRRCPL,0.125,1.1921889235638041
HLA-B_0801,FIRYRMHPM,0.20800000000000002,1.1451247112469276
HLA-B_0801,MSKIKHKIF,0.8420000000000001,1.015894527615931
HLA-B_0801,FIKQGFNNL,0.912,1.008513602264894
HLA-B_0801,LIRPKILSM,0.5479999999999999,1.0555907871883814
HLA-B_0801,YMIERFISF,0.35100000000000003,1.0967643724294056
HLA-B_0801,KLLRRPFSL,0.36200000000000004,1.0939123742138444
HLA-B_0801,FYRKKFRPL,0.08800000000000001,1.2246273815061264
HLA-B_0801,MLLKKLNSF,0.573,1.0514677424647199
HLA-B_0801,QIKVRVDMV,994.0,0.36211842560572916
HLA-B_0801,ELRRKMMYM,105.0,0.569865460472217
HLA-B_0801,TTSTRTWAL,7450.0,0.175956375721653
