,train_rmse,valid_rmse,train_r2,valid_r2,train_mae,valid_mae,train_r,valid_r,train_tau,valid_tau,test_r2,test_r,test_tau,test_auc,test_f1,trainable params,best_epoch,lr,batch_size,kernel_size_1,kernel_size_incept,kernel_number,lamda,model
0,0.038895495922330284,0.15459639703080175,0.9791901757836949,0.6306367083250385,0.026912337136290005,0.10781396820602927,0.9907612653815382,0.796454729533692,0.8392107618330427,0.6269247290361487,0.5882870974136012,0.7715455722902601,0.581574884526528,,,2325269,24,0.0001,32,"(3, 3, 7)","(1, 3, 5)","(60, 40, 80)",1e-07,Model_5
