,train_rmse,valid_rmse,train_r2,valid_r2,train_mae,valid_mae,train_r,valid_r,train_tau,valid_tau,test_r2,test_r,test_tau,test_auc,test_f1,trainable params,best_epoch,lr,batch_size,kernel_size_1,kernel_size_incept,kernel_number,lamda,model
0,0.05368598738089508,0.12045993738649781,0.8867222864845256,0.24784319219112816,0.04055348489273387,0.10977560933219495,0.9785301936972407,0.6308640550085134,0.879602571595558,0.33333333333333337,0.19112170469161982,0.4388361931799669,0.2857142857142857,,,673817,154,5e-05,32,"(3, 3, 7)","(1, 3, 5)","(36, 24, 48)",1e-07,Model_7
