allele,peptide,measurement_value,measurement_inequality,measurement_type,measurement_source,pep_len,Normalized_QM,VRAPERNet_BAV_Normalized,VRAPERNet_BAV
HLA-E*01:03,FMTRLGPLL,37000.0,=,quantitative,kim2014,9,0.027829137055217727,0.19078178703784943,6345.883715781256
HLA-E*01:03,IMANRAQVL,400.0,=,quantitative,kim2014,9,0.4462488611489567,0.1855940967798233,6712.262163826442
HLA-E*01:03,QMRACARRL,1500.0,=,quantitative,kim2014,9,0.3240877775076425,0.2684468626976013,2738.7112687810763
HLA-E*01:03,RLANLLPLI,32000.0,=,quantitative,kim2014,9,0.04124734268089891,0.23099887371063232,4106.891465565207
HLA-E*01:03,TSADRAVVL,39000.0,=,quantitative,kim2014,9,0.022963627605613324,0.17854194343090057,7244.472490942984
HLA-E*01:03,VLPACLGIL,12000.0,=,quantitative,kim2014,9,0.13189885394383838,0.17795418202877045,7290.690141045551
