allele,peptide,measurement_value,measurement_inequality,measurement_type,measurement_source,pep_len,Normalized_QM,VRAPERNet_BAV_Normalized,VRAPERNet_BAV
HLA-B*14:02,APRTLVYLL,48317.574739,=,quantitative,kim2014,9,0.0031634330964355195,0.1400388926267624,10988.323796728739
HLA-B*14:02,FFSPFFFSL,5000.0,=,quantitative,Buus - purified MHC/competitive/fluorescence,9,0.21281259490425355,0.2467084527015686,3464.9293620705894
HLA-B*14:02,GSSDFQVHFLK,20000.0,=,quantitative, - purified MHC/competitive/fluorescence,11,0.08468664586171759,0.11936666071414948,13742.623424666983
HLA-B*14:02,ILNRETLLDFV,20000.0,=,quantitative, - purified MHC/competitive/fluorescence,11,0.08468664586171759,0.14546965062618256,10361.257798072676
HLA-B*14:02,LPADPASVL,14517.9,=,quantitative, - purified MHC/competitive/fluorescence,9,0.11429445244475478,0.16438297927379608,8443.826781297154
HLA-B*14:02,NGNFNFERV,5000.0,=,quantitative,Buus - purified MHC/competitive/fluorescence,9,0.21281259490425355,0.2075769454240799,5291.419143496566
HLA-B*14:02,SYMMDDLELI,20000.0,=,quantitative, - purified MHC/competitive/fluorescence,10,0.08468664586171759,0.09726795554161072,17454.636097293635
HLA-B*14:02,WLYDLWGQL,5000.0,=,quantitative,Buus - purified MHC/competitive/fluorescence,9,0.21281259490425355,0.2497727870941162,3351.931770636388
HLA-B*14:02,YQAENSTAE,5000.0,=,quantitative,Buus - purified MHC/competitive/fluorescence,9,0.21281259490425355,0.17921082675457,7192.232280959377
