allele,peptide,measurement_value,measurement_inequality,measurement_type,measurement_source,pep_len,Normalized_QM,VRAPERNet_BAV_Normalized,VRAPERNet_BAV
HLA-B*35:03,AINSEMFLL,41819.467557,=,quantitative,kim2014,9,0.01651244957072595,0.2709864377975464,2664.4824346663336
HLA-B*35:03,EPEPDVAVL,193.395778062,=,quantitative,kim2014,9,0.5134152831686115,0.4269900619983673,492.6704459770748
HLA-B*35:03,FPTSCHMF,749.235723,=,quantitative,kim2014,8,0.3882449827555843,0.16795076429843903,8124.083915696226
HLA-B*35:03,KTAVQMAVF,48631.01325400001,=,quantitative,kim2014,9,0.002565814614103545,0.21115900576114655,5090.262395110747
HLA-B*35:03,NPDIVIYQY,15741.2992563,=,quantitative,kim2014,9,0.10681690424635036,0.10871613770723343,15421.127726857383
HLA-B*35:03,WEAWWTEYW,32358.946974,=,quantitative,kim2014,9,0.040216392915444536,0.22302374243736267,4477.010659022753
HLA-B*35:03,YTAVVPLVY,43780.453134,=,quantitative,kim2014,9,0.012277105837476654,0.17113935947418213,7848.583582640667
