,train_rmse,valid_rmse,train_r2,valid_r2,train_mae,valid_mae,train_r,valid_r,train_tau,valid_tau,test_r2,test_r,test_tau,test_auc,test_f1,trainable params,best_epoch,lr,batch_size,kernel_size_1,kernel_size_incept,kernel_number,lamda,model
0,0.05726331511136227,0.14342620103872578,0.9398958486257502,0.605634888078376,0.040567775464164305,0.09733646725032609,0.9757486295957294,0.7802806722445769,0.7524889676482414,0.50467465543869,0.6771156305640609,0.8229514505442009,0.5714641117242815,,,1310113,20,0.0001,32,"(3, 3, 7)","(1, 3, 5)","(48, 32, 64)",1e-06,Model_2
