,train_rmse,valid_rmse,train_r2,valid_r2,train_mae,valid_mae,train_r,valid_r,train_tau,valid_tau,test_r2,test_r,test_tau,test_auc,test_f1,trainable params,best_epoch,lr,batch_size,kernel_size_1,kernel_size_incept,kernel_number,lamda,model
0,0.00017811871011598907,0.10106436218661047,0.999996878761747,0.09788601431048993,0.00015054524834323216,0.09884176022497299,0.9999984560522663,1.0000000004971752,0.990430401872025,1.0,0.6383021993916123,1.0,1.0,,,466009,140,5e-05,32,"(3, 3, 7)","(1, 3, 5)","(60, 40, 80)",1e-06,Model_3
