,train_rmse,valid_rmse,train_r2,valid_r2,train_mae,valid_mae,train_r,valid_r,train_tau,valid_tau,test_r2,test_r,test_tau,test_auc,test_f1,trainable params,best_epoch,lr,batch_size,kernel_size_1,kernel_size_incept,kernel_number,lamda,model
0,0.06425575222928845,0.13440501052673684,0.9234291610175984,0.7280278174972477,0.044936479161511604,0.08874973970522292,0.9638597638232312,0.8537537013945579,0.6882401778673186,0.5083409207318783,0.6297947010291809,0.7952987052995832,0.46502295515633507,,,775153,33,0.0001,32,"(3, 3, 21)","(1, 3, 5)","(36, 24, 48)",0.001,Model_2
