,train_rmse,valid_rmse,train_r2,valid_r2,train_mae,valid_mae,train_r,valid_r,train_tau,valid_tau,test_r2,test_r,test_tau,test_auc,test_f1,trainable params,best_epoch,lr,batch_size,kernel_size_1,kernel_size_incept,kernel_number,lamda,model
0,0.010309021420239534,0.13052172069893578,0.9962026296818699,0.42258060370589057,0.00699547051208221,0.0572719211760512,0.998493115887664,0.671005428562306,0.4071679757954642,0.3187682955480441,0.5418581521761273,0.7627163414605244,0.3029827305925231,,,2336069,26,0.0001,32,"(3, 3, 27)","(1, 3, 5)","(60, 40, 80)",1e-06,Model_5
