,train_rmse,valid_rmse,train_r2,valid_r2,train_mae,valid_mae,train_r,valid_r,train_tau,valid_tau,test_r2,test_r,test_tau,test_auc,test_f1,trainable params,best_epoch,lr,batch_size,kernel_size_1,kernel_size_incept,kernel_number,lamda,model
0,0.05503715482516618,0.13698536814183324,0.9181638506898998,0.6358699735263703,0.04132076307475212,0.10042918352018788,0.9724253693699725,0.8938542227296686,0.8001936031945708,0.7411590223261941,0.2848743067472762,0.5918464507163474,0.4947274449181537,,,1505681,57,0.0001,32,"(3, 3, 31)","(1, 3, 5)","(48, 32, 64)",1e-06,Model_5
