,train_rmse,valid_rmse,train_r2,valid_r2,train_mae,valid_mae,train_r,valid_r,train_tau,valid_tau,test_r2,test_r,test_tau,test_auc,test_f1,trainable params,best_epoch,lr,batch_size,kernel_size_1,kernel_size_incept,kernel_number,lamda,model
0,0.06860121222042163,0.20092538470615906,0.8880662304510534,0.15382790651145484,0.05322844072920426,0.15761149043851216,0.9490905219123738,0.40773726966596013,0.8053063406630271,0.21720430107526886,0.460235749067765,0.7023060033088161,0.5327731092436975,,,2338229,47,0.0001,32,"(3, 3, 31)","(1, 3, 5)","(60, 40, 80)",1e-06,Model_5
