seq #,peptide,start,end,peptide length,allele,peptide index,median binding percentile,netmhcpan_ba core,netmhcpan_ba icore,netmhcpan_ba IC50,netmhcpan_ba percentile,ann IC50,ann percentile,smmpmbec IC50,smmpmbec percentile,smm IC50,smm percentile,mhcflurry IC50,mhcflurry percentile
1,VVGAAGVGK,1,9,9,HLA-A*11:01,1,0.9,VVGAAGVGK,VVGAAGVGK,59.83,0.29,147.74,0.86,102.33636812979307,0.9,117.57094257962468,1.1,48.52,0.98
2,VVGACGVGK,1,9,9,HLA-A*11:01,2,0.9,VVGACGVGK,VVGACGVGK,72.99,0.35,134.97,0.81,104.23894326174305,0.9,119.2065173132749,1.1,51.66,1.2
3,VVGASGVGK,1,9,9,HLA-A*11:01,3,0.7,VVGASGVGK,VVGASGVGK,50.69,0.25,114.36,0.7,80.17334432591531,0.7,91.68536114619249,0.8,52.78,1.3
4,VVGAVGVGK,1,9,9,HLA-A*11:01,4,0.7,VVGAVGVGK,VVGAVGVGK,38.76,0.19,65.47,0.4,68.0816386199307,0.7,82.66087535038571,0.7,42.77,0.78
1,VVVGAAGVGK,1,10,10,HLA-A*11:01,1,0.7,VVVGAGVGK,VVVGAAGVGK,104.17,0.47,243.11,1.4,61.49361153274806,0.7,84.30435305540806,1.0,37.47,0.2
2,VVVGACGVGK,1,10,10,HLA-A*11:01,2,1.0,VVVGAGVGK,VVVGACGVGK,122.12,0.53,278.8,1.5,89.50143530311811,1.0,102.52977397953615,1.1,40.12,0.21
3,VVVGADGVGK,1,10,10,HLA-A*11:01,3,1.1,VVVGAGVGK,VVVGADGVGK,194.2,0.71,429.98,1.9,105.88391726063614,1.1,115.57130041198332,1.2,46.96,0.29
4,VVVGARGVGK,1,10,10,HLA-A*11:01,4,1.0,VVVGAGVGK,VVVGARGVGK,162.14,0.64,308.51,1.6,90.95571663684505,1.0,103.71701280761009,1.1,44.33,0.27
5,VVVGASGVGK,1,10,10,HLA-A*11:01,5,0.6,VVVGASVGK,VVVGASGVGK,79.28,0.38,213.1,1.3,53.19000118548209,0.6,73.4260219860633,0.9,37.79,0.2
6,VVVGAVGVGK,1,10,10,HLA-A*11:01,6,0.6,VVVGAVVGK,VVVGAVGVGK,68.99,0.33,137.28,0.82,46.113703199347285,0.6,71.2606861926609,0.9,35.83,0.16
1,TVLEFILQK,1,9,9,HLA-A*11:01,1,0.03,TVLEFILQK,TVLEFILQK,7.22,0.02,9.68,0.03,8.433930152776446,0.2,9.644950431350725,0.2,21.78,0.02
