,train_rmse,valid_rmse,train_r2,valid_r2,train_mae,valid_mae,train_r,valid_r,train_tau,valid_tau,test_r2,test_r,test_tau,test_auc,test_f1,trainable params,best_epoch,lr,batch_size,kernel_size_1,kernel_size_incept,kernel_number,lamda,model
0,0.1042688570254892,0.23629196738947164,0.801110270413525,0.07317558487403908,0.08087995010346478,0.17299229976694908,0.9267952725772253,0.6727763656273762,0.6763236763236764,0.4444444444444444,0.14632693308520295,0.5338189399395379,0.04761904761904762,,,466009,196,1e-05,32,"(3, 3, 7)","(1, 3, 5)","(60, 40, 80)",0.001,Model_3
