,train_rmse,valid_rmse,train_r2,valid_r2,train_mae,valid_mae,train_r,valid_r,train_tau,valid_tau,test_r2,test_r,test_tau,test_auc,test_f1,trainable params,best_epoch,lr,batch_size,kernel_size_1,kernel_size_incept,kernel_number,lamda,model
0,0.014411349730315546,0.1355765331136639,0.9965344941294445,0.6109591896526583,0.010810011582499094,0.08564056106157002,0.9984050040098366,0.7825901677725884,0.7010542851501875,0.5228379093080137,0.6636393061356918,0.8249480259432613,0.5462577010203792,,,118321,61,0.0001,32,"(3, 3, 7)","(1, 3, 5)","(24, 16, 32)",1e-06,Model_3
