,train_rmse,valid_rmse,train_r2,valid_r2,train_mae,valid_mae,train_r,valid_r,train_tau,valid_tau,test_r2,test_r,test_tau,test_auc,test_f1,trainable params,best_epoch,lr,batch_size,kernel_size_1,kernel_size_incept,kernel_number,lamda,model
0,0.012048270523962143,0.2118805731785321,0.9970446931898783,0.1993340426473995,0.01007251889873757,0.17964876696622972,0.9992845061004014,0.4468277103703239,0.9113614613395656,0.29704426289300223,0.3354722277812032,0.6207853059437426,0.49240749100920395,,,856013,97,0.0001,32,"(3, 3, 31)","(1, 3, 5)","(36, 24, 48)",0.0001,Model_5
