,train_rmse,valid_rmse,train_r2,valid_r2,train_mae,valid_mae,train_r,valid_r,train_tau,valid_tau,test_r2,test_r,test_tau,test_auc,test_f1,trainable params,best_epoch,lr,batch_size,kernel_size_1,kernel_size_incept,kernel_number,lamda,model
0,0.06728574890550049,0.18929800110549178,0.9613484548081516,0.7100414114208105,0.053640107940529674,0.15515887871719916,0.9851050161727722,0.8878404325679925,0.8309548443755148,0.7732590811786558,0.529127243142753,0.761185754676569,0.5042162767293527,,,2336069,104,0.0001,32,"(3, 3, 27)","(1, 3, 5)","(60, 40, 80)",1e-06,Model_5
