,train_rmse,valid_rmse,train_r2,valid_r2,train_mae,valid_mae,train_r,valid_r,train_tau,valid_tau,test_r2,test_r,test_tau,test_auc,test_f1,trainable params,best_epoch,lr,batch_size,kernel_size_1,kernel_size_incept,kernel_number,lamda,model
0,0.11870265802081506,0.19500142895954992,0.832961922220961,0.49263485090335624,0.09251583816340475,0.15553801462179162,0.9180533330772915,0.7072930782148649,0.7498515649870591,0.5099304814122928,0.4565059323706262,0.6932344612003704,0.5059313580813727,,,331105,17,0.0001,32,"(3, 3, 31)","(1, 3, 5)","(48, 32, 64)",1e-06,Model_3
