,train_rmse,valid_rmse,train_r2,valid_r2,train_mae,valid_mae,train_r,valid_r,train_tau,valid_tau,test_r2,test_r,test_tau,test_auc,test_f1,trainable params,best_epoch,lr,batch_size,kernel_size_1,kernel_size_incept,kernel_number,lamda,model
0,0.005279791437124353,0.15526635146200662,0.9992608260570739,0.4139593620300961,0.0035074080249136107,0.12364993294020465,0.9997442340139985,0.7001675966421124,0.9853462602074592,0.7333333333333333,0.3238859098971275,0.574478675331807,0.5238095238095238,,,848237,194,0.0001,32,"(3, 3, 7)","(1, 3, 5)","(36, 24, 48)",1e-06,Model_5
