,train_rmse,valid_rmse,train_r2,valid_r2,train_mae,valid_mae,train_r,valid_r,train_tau,valid_tau,test_r2,test_r,test_tau,test_auc,test_f1,trainable params,best_epoch,lr,batch_size,kernel_size_1,kernel_size_incept,kernel_number,lamda,model
0,0.03426174191351731,0.20258545674620704,0.9780114814017112,0.39072519734383027,0.02571277985556921,0.15410490707630412,0.9904338473017206,0.625240483269044,0.9038586607286554,0.48245614035087725,0.5528361232241896,0.7471980301668956,0.5454545980565835,,,86225,139,0.0001,32,"(3, 3, 21)","(1, 3, 5)","(12, 8, 16)",0.001,Model_1
