,train_rmse,valid_rmse,train_r2,valid_r2,train_mae,valid_mae,train_r,valid_r,train_tau,valid_tau,test_r2,test_r,test_tau,test_auc,test_f1,trainable params,best_epoch,lr,batch_size,kernel_size_1,kernel_size_incept,kernel_number,lamda,model
0,0.053897879735945786,0.17369607013601193,0.930492408693855,0.20646973084793474,0.039673349087915206,0.1470369833305502,0.9815051664451068,0.5104284607293329,0.8961685140945179,0.5455447255899809,0.30853186718009895,0.627830013595534,0.37716825457067865,,,778393,195,0.0001,32,"(3, 3, 31)","(1, 3, 5)","(36, 24, 48)",0.0001,Model_2
