,train_rmse,valid_rmse,train_r2,valid_r2,train_mae,valid_mae,train_r,valid_r,train_tau,valid_tau,test_r2,test_r,test_tau,test_auc,test_f1,trainable params,best_epoch,lr,batch_size,kernel_size_1,kernel_size_incept,kernel_number,lamda,model
0,0.05342100577829282,0.20204162769248327,0.9742476427808928,0.6261340567417554,0.03398789694464246,0.12074630318757465,0.9888814472597522,0.7936700763541122,0.7319680487070708,0.5756994512706655,0.695584785188524,0.8370774237604613,0.6220001335907385,,,388361,39,0.0001,32,"(3, 3, 27)","(1, 3, 5)","(24, 16, 32)",0.0001,Model_5
