,train_rmse,valid_rmse,train_r2,valid_r2,train_mae,valid_mae,train_r,valid_r,train_tau,valid_tau,test_r2,test_r,test_tau,test_auc,test_f1,trainable params,best_epoch,lr,batch_size,kernel_size_1,kernel_size_incept,kernel_number,lamda,model
0,0.01320147179154202,0.04281510971172589,0.9887319131543726,0.7569276795755988,0.010520538530549246,0.030985658280743903,0.9975166475728323,0.871400678398123,0.6188944227527294,0.29298597801268184,0.4809501721172428,0.7671007751275944,0.27668578554642986,,,326785,40,0.0001,32,"(3, 3, 21)","(1, 3, 5)","(48, 32, 64)",1e-06,Model_3
