,train_rmse,valid_rmse,train_r2,valid_r2,train_mae,valid_mae,train_r,valid_r,train_tau,valid_tau,test_r2,test_r,test_tau,test_auc,test_f1,trainable params,best_epoch,lr,batch_size,kernel_size_1,kernel_size_incept,kernel_number,lamda,model
0,0.0727267208131135,0.1992739133265262,0.9394856337325055,0.568392178262175,0.05651639916504146,0.16367813229969774,0.9729654806068995,0.7541842913241725,0.8379341320153195,0.5283811703631407,0.5821928491877607,0.7673731082877874,0.5440816363131185,,,149369,76,0.0001,32,"(3, 3, 11)","(1, 3, 5)","(36, 24, 48)",0.001,Model_6
