,train_rmse,valid_rmse,train_r2,valid_r2,train_mae,valid_mae,train_r,valid_r,train_tau,valid_tau,test_r2,test_r,test_tau,test_auc,test_f1,trainable params,best_epoch,lr,batch_size,kernel_size_1,kernel_size_incept,kernel_number,lamda,model
0,0.06052007125878103,0.10779182986826048,0.9348065976283374,0.5676132006421292,0.0458632019815441,0.09070948467102352,0.9734819239903473,0.8153667961514582,0.8175398940603704,0.579545525280815,0.6835589370528176,0.8333276799033325,0.5976143046671968,,,204841,199,0.0001,32,"(3, 3, 7)","(1, 3, 5)","(36, 24, 48)",1e-06,Model_3
