,train_rmse,valid_rmse,train_r2,valid_r2,train_mae,valid_mae,train_r,valid_r,train_tau,valid_tau,test_r2,test_r,test_tau,test_auc,test_f1,trainable params,best_epoch,lr,batch_size,kernel_size_1,kernel_size_incept,kernel_number,lamda,model
0,0.09614067932720861,0.1852704978865832,0.8984376780836335,0.6201261471148491,0.07357650155821775,0.1416208604016977,0.9502689574940182,0.7891811463192873,0.7947177657998639,0.5820140256580435,0.6513850102697128,0.8096058553635952,0.6062843387815304,,,390809,47,0.0001,32,"(3, 3, 7)","(1, 3, 5)","(60, 40, 80)",0.001,Model_6
