,train_rmse,valid_rmse,train_r2,valid_r2,train_mae,valid_mae,train_r,valid_r,train_tau,valid_tau,test_r2,test_r,test_tau,test_auc,test_f1,trainable params,best_epoch,lr,batch_size,kernel_size_1,kernel_size_incept,kernel_number,lamda,model
0,0.08376620567777646,0.23563902331217568,0.9564392893613547,0.6184098698180389,0.05924382772392954,0.17314795856512,0.9791765841990449,0.7866097103404329,0.7670962132596375,0.6060462886486581,0.647328735101743,0.8045966229399992,0.6292239370861149,,,1495313,24,0.0001,32,"(3, 3, 7)","(1, 3, 5)","(48, 32, 64)",0.0001,Model_5
