,train_rmse,valid_rmse,train_r2,valid_r2,train_mae,valid_mae,train_r,valid_r,train_tau,valid_tau,test_r2,test_r,test_tau,test_auc,test_f1,trainable params,best_epoch,lr,batch_size,kernel_size_1,kernel_size_incept,kernel_number,lamda,model
0,0.22831795528378837,0.22858472585019543,0.37573973378344583,0.02696583991343582,0.20142015781986522,0.18089607565263155,0.8184486930370505,0.20399206782406618,0.5643939393939394,0.3333333333333334,0.15480759556689072,0.6517466213512344,0.7999999999999999,,,678353,194,1e-05,32,"(3, 3, 21)","(1, 3, 5)","(36, 24, 48)",0.001,Model_7
