,train_rmse,valid_rmse,train_r2,valid_r2,train_mae,valid_mae,train_r,valid_r,train_tau,valid_tau,test_r2,test_r,test_tau,test_auc,test_f1,trainable params,best_epoch,lr,batch_size,kernel_size_1,kernel_size_incept,kernel_number,lamda,model
0,0.021212591759718732,0.14381619271215407,0.9941153160619685,0.7295438470552923,0.016918472999480173,0.11589345823301217,0.9983294511461898,0.8547393498062835,0.9525026729673843,0.6251036161866846,0.5420898318184428,0.7400267645586095,0.5328225108619398,,,1875209,130,0.0001,32,"(3, 3, 7)","(1, 3, 5)","(60, 40, 80)",1e-06,Model_1
