,train_rmse,valid_rmse,train_r2,valid_r2,train_mae,valid_mae,train_r,valid_r,train_tau,valid_tau,test_r2,test_r,test_tau,test_auc,test_f1,trainable params,best_epoch,lr,batch_size,kernel_size_1,kernel_size_incept,kernel_number,lamda,model
0,0.0755976494743152,0.19182086509781351,0.9095922469562939,0.46241640468727885,0.054844210274184284,0.1423918650264327,0.9622981290069282,0.7157493301294664,0.6522328086752278,0.5614040767546667,0.17653553719540516,0.4698961241293007,0.38097482369489627,,,22841,199,5e-05,32,"(3, 3, 7)","(1, 3, 5)","(12, 8, 16)",1e-09,Model_6
