,train_rmse,valid_rmse,train_r2,valid_r2,train_mae,valid_mae,train_r,valid_r,train_tau,valid_tau,test_r2,test_r,test_tau,test_auc,test_f1,trainable params,best_epoch,lr,batch_size,kernel_size_1,kernel_size_incept,kernel_number,lamda,model
0,0.017541713395137215,0.15322200718606702,0.9948263036268308,0.48662033528283444,0.010440003768797316,0.13518756167294485,0.9978224693989705,0.9138081214191758,0.9760877279974649,0.33333333333333337,0.1383042926739072,0.8457396169364613,0.3333333333333334,,,204841,199,5e-05,32,"(3, 3, 7)","(1, 3, 5)","(36, 24, 48)",1e-07,Model_3
