,train_rmse,valid_rmse,train_r2,valid_r2,train_mae,valid_mae,train_r,valid_r,train_tau,valid_tau,test_r2,test_r,test_tau,test_auc,test_f1,trainable params,best_epoch,lr,batch_size,kernel_size_1,kernel_size_incept,kernel_number,lamda,model
0,0.05514675489808844,0.17822170457620937,0.9749655429691635,0.733107118053275,0.040200825188738444,0.1376479501180217,0.9894530713451318,0.8606677994025491,0.8223630969740822,0.6362550309761342,0.6138299812856738,0.7842261207470914,0.5597086076613402,,,1215905,39,0.0001,32,"(3, 3, 27)","(1, 3, 5)","(48, 32, 64)",1e-06,Model_1
