,train_rmse,valid_rmse,train_r2,valid_r2,train_mae,valid_mae,train_r,valid_r,train_tau,valid_tau,test_r2,test_r,test_tau,test_auc,test_f1,trainable params,best_epoch,lr,batch_size,kernel_size_1,kernel_size_incept,kernel_number,lamda,model
0,0.02821414920808642,0.18043813071691917,0.9911360856683031,0.6755183722238705,0.018761551357561825,0.11461113568679472,0.9956343833378878,0.8237802374917969,0.6876638117869445,0.5886394411119411,0.5970221424710771,0.7728445093924614,0.5364789082138712,,,1886009,29,0.0001,32,"(3, 3, 27)","(1, 3, 5)","(60, 40, 80)",1e-06,Model_1
