,train_rmse,valid_rmse,train_r2,valid_r2,train_mae,valid_mae,train_r,valid_r,train_tau,valid_tau,test_r2,test_r,test_tau,test_auc,test_f1,trainable params,best_epoch,lr,batch_size,kernel_size_1,kernel_size_incept,kernel_number,lamda,model
0,0.08791875239357484,0.1668098948939201,0.8891357020938052,0.6199638598249607,0.06810876115350654,0.12661631478363392,0.9488998905213201,0.7886121855174847,0.7469587606260971,0.5393699537481575,0.6382331966965406,0.8028213006197779,0.5789372311461466,,,473569,25,0.0001,32,"(3, 3, 21)","(1, 3, 5)","(60, 40, 80)",0.001,Model_3
