,train_rmse,valid_rmse,train_r2,valid_r2,train_mae,valid_mae,train_r,valid_r,train_tau,valid_tau,test_r2,test_r,test_tau,test_auc,test_f1,trainable params,best_epoch,lr,batch_size,kernel_size_1,kernel_size_incept,kernel_number,lamda,model
0,0.0034450610642027106,0.08168858505909841,0.999332501285571,0.6895044006610169,0.0027999510863163032,0.05358353025433913,0.9998284981422345,0.8639461946538962,0.4649777172075157,0.3121595890286832,0.1755705314112571,0.4709216358452234,0.3666420872468215,,,148073,170,5e-05,32,"(3, 3, 7)","(1, 3, 5)","(36, 24, 48)",1e-07,Model_6
