,train_rmse,valid_rmse,train_r2,valid_r2,train_mae,valid_mae,train_r,valid_r,train_tau,valid_tau,test_r2,test_r,test_tau,test_auc,test_f1,trainable params,best_epoch,lr,batch_size,kernel_size_1,kernel_size_incept,kernel_number,lamda,model
0,0.019165642071475142,0.13068952907782,0.9920218473300831,0.6103634188799727,0.013110139208640247,0.08371199342941185,0.9960940949560003,0.7825771387744769,0.79133078958072,0.5166908743285353,0.4640200270723198,0.7077233264129861,0.41719808822739163,,,1311841,49,0.0001,32,"(3, 3, 11)","(1, 3, 5)","(48, 32, 64)",1e-06,Model_2
