,train_rmse,valid_rmse,train_r2,valid_r2,train_mae,valid_mae,train_r,valid_r,train_tau,valid_tau,test_r2,test_r,test_tau,test_auc,test_f1,trainable params,best_epoch,lr,batch_size,kernel_size_1,kernel_size_incept,kernel_number,lamda,model
0,0.003966333394275724,0.008573223169613235,0.8845576723368447,0.8215031543495576,0.0017402199978538437,0.003231939562034537,0.9410587584943241,0.9415870275096008,0.1317629228938988,0.2748377871036291,0.46845899064457897,0.938688887525402,0.15339299776947407,,,778393,170,0.0001,32,"(3, 3, 31)","(1, 3, 5)","(36, 24, 48)",0.0001,Model_2
