,train_rmse,valid_rmse,train_r2,valid_r2,train_mae,valid_mae,train_r,valid_r,train_tau,valid_tau,test_r2,test_r,test_tau,test_auc,test_f1,trainable params,best_epoch,lr,batch_size,kernel_size_1,kernel_size_incept,kernel_number,lamda,model
0,0.07796841773181107,0.031113144820171447,0.22158732634201528,0.34200407580029235,0.06271206998214424,0.025856270395217682,0.6927201748110624,0.6007059791188009,0.5360540032845161,0.18257418583505539,0.2865657827472047,0.6253881608369393,0.33333333333333337,,,152609,53,1e-05,32,"(3, 3, 21)","(1, 3, 5)","(36, 24, 48)",0.001,Model_6
