,train_rmse,valid_rmse,train_r2,valid_r2,train_mae,valid_mae,train_r,valid_r,train_tau,valid_tau,test_r2,test_r,test_tau,test_auc,test_f1,trainable params,best_epoch,lr,batch_size,kernel_size_1,kernel_size_incept,kernel_number,lamda,model
0,0.011115851222557135,0.27178465234372534,0.9982805503683241,0.20443325955022618,0.00809442645080352,0.19608753733877837,0.9994711921877296,0.5866991413915904,0.8275880601167108,0.4157609203101499,0.29030017997420066,0.6465440582562565,0.3098898934004561,,,390809,185,5e-05,32,"(3, 3, 7)","(1, 3, 5)","(60, 40, 80)",1e-09,Model_6
