,train_rmse,valid_rmse,train_r2,valid_r2,train_mae,valid_mae,train_r,valid_r,train_tau,valid_tau,test_r2,test_r,test_tau,test_auc,test_f1,trainable params,best_epoch,lr,batch_size,kernel_size_1,kernel_size_incept,kernel_number,lamda,model
0,0.1133697853412935,0.20651723886299955,0.8452276838853531,0.46519823534986415,0.08862464908884987,0.16667229634121616,0.924275251495643,0.6844748812535628,0.7545952868128717,0.5067606618821561,0.41209692622550587,0.6446295296283582,0.4536498039530734,,,2336069,15,0.0001,32,"(3, 3, 27)","(1, 3, 5)","(60, 40, 80)",1e-06,Model_5
