allele,peptide,measurement_value,measurement_inequality,measurement_type,measurement_source,pep_len,Normalized_QM,VRAPERNet_BAV_Normalized,VRAPERNet_BAV
HLA-C*05:01,APYMVGDVI,20000.0,=,quantitative,Ph.D. - purified MHC/direct/fluorescence,9,0.08468664586171759,0.16537877917289734,8353.338521015028
HLA-C*05:01,FPMIIGSEL,20000.0,=,quantitative,Ph.D. - purified MHC/direct/fluorescence,9,0.08468664586171759,0.14909765124320984,9962.414643000171
HLA-C*05:01,FTMRLLSPV,2293.0,=,quantitative,Ph.D. - purified MHC/direct/fluorescence,9,0.28486369318614624,0.13707534968852997,11346.372774822217
HLA-C*05:01,FVDVGVSAL,1.0,=,quantitative,Ph.D. - purified MHC/direct/fluorescence,9,1.0,0.5820067524909973,92.0741529228196
HLA-C*05:01,KIDDMIEEV,124.0,=,quantitative,Ph.D. - purified MHC/direct/fluorescence,9,0.5544934989517893,0.361063152551651,1005.4143530649012
HLA-C*05:01,MFAVGTWMM,20000.0,=,quantitative,Ph.D. - purified MHC/direct/fluorescence,9,0.08468664586171759,0.2577823996543884,3073.6770945765597
HLA-C*05:01,MPAYIRNTL,20000.0,=,quantitative,Ph.D. - purified MHC/direct/fluorescence,9,0.08468664586171759,0.16369687020778656,8506.743176987531
HLA-C*05:01,MPYHGYHII,20000.0,=,quantitative,Ph.D. - purified MHC/direct/fluorescence,9,0.08468664586171759,0.16262511909008026,8605.962469154487
HLA-C*05:01,RAAEMDYIM,2941.0,=,quantitative,Ph.D. - purified MHC/direct/fluorescence,9,0.26186057342215785,0.49928250908851624,225.3494333923495
HLA-C*05:01,RAMKALSSI,20000.0,=,quantitative,Ph.D. - purified MHC/direct/fluorescence,9,0.08468664586171759,0.2695525586605072,2706.1422175058356
HLA-C*05:01,RAWDPQPAM,1878.0,=,quantitative,Ph.D. - purified MHC/direct/fluorescence,9,0.30331634700599097,0.18688614666461945,6619.079646591097
HLA-C*05:01,SSDDFALIV,16.0,=,quantitative,Ph.D. - purified MHC/direct/fluorescence,9,0.7437481019149278,0.749544620513916,15.027347024526717
HLA-C*05:01,TSDYINTSL,210.0,=,quantitative,Ph.D. - purified MHC/direct/fluorescence,9,0.5058024859509489,0.5920560359954834,82.5879051452329
HLA-C*05:01,VADEIAFGL,1.0,=,quantitative,Ph.D. - purified MHC/direct/fluorescence,9,1.0,0.7393295168876648,16.783509593985617
HLA-C*05:01,YMLDMTFPV,3433.0,=,quantitative,Ph.D. - purified MHC/direct/fluorescence,9,0.2475640831579743,0.22901953756809235,4195.7931238760475
HLA-C*05:01,YSFSRAYTL,20000.0,=,quantitative,Ph.D. - purified MHC/direct/fluorescence,9,0.08468664586171759,0.23754025995731354,3826.2685489065993
