,train_rmse,valid_rmse,train_r2,valid_r2,train_mae,valid_mae,train_r,valid_r,train_tau,valid_tau,test_r2,test_r,test_tau,test_auc,test_f1,trainable params,best_epoch,lr,batch_size,kernel_size_1,kernel_size_incept,kernel_number,lamda,model
0,0.016566948397675706,0.11180065190438292,0.9872544127286467,0.4971324323626165,0.009450244779077056,0.06408184678471066,0.9936816585848725,0.7074279622137754,0.495224709588629,0.4795990374841708,0.6231428833540016,0.7917627960354642,0.474878317751073,,,152609,156,0.0001,32,"(3, 3, 21)","(1, 3, 5)","(36, 24, 48)",0.001,Model_6
