,train_rmse,valid_rmse,train_r2,valid_r2,train_mae,valid_mae,train_r,valid_r,train_tau,valid_tau,test_r2,test_r,test_tau,test_auc,test_f1,trainable params,best_epoch,lr,batch_size,kernel_size_1,kernel_size_incept,kernel_number,lamda,model
0,0.008233160620809676,0.24358943440667438,0.9994335490839322,0.6266274396647856,0.00624705182775291,0.1673528930975431,0.9998188191844065,0.8006049656079897,0.8986728170317647,0.5515555122977809,0.71466434799935,0.8479351348695263,0.5532833351724882,,,1503953,83,0.0001,32,"(3, 3, 27)","(1, 3, 5)","(48, 32, 64)",1e-06,Model_5
