HLA-allele,pep_num,pep_len_min,pep_len_max,QM_min,QM_max,Normalized_QM_min,Normalized_QM_max
HLA-A_0201,82,9,28,3.9,48080.0,0.003618994231851636,0.8742140072226278
HLA-A_2402,15,9,9,64.0,27770.0,0.05435108637639618,0.6156221528723917
HLA-A_1101,11,9,10,2.2,46140.0,0.007425545197936367,0.9271281407401551
