HLA-allele,pep_num,pep_len_min,pep_len_max,QM_min,QM_max,Normalized_QM_min,Normalized_QM_max
HLA-A_0201,79,9,11,75.0,48080.0,0.003618994231851636,0.6009633469331641
HLA-A_2402,14,9,9,606.9,27770.0,0.05435108637639618,0.40771762004815537
HLA-A_1101,10,9,10,5071.0,46140.0,0.007425545197936367,0.2115094143761372
