,train_rmse,valid_rmse,train_r2,valid_r2,train_mae,valid_mae,train_r,valid_r,train_tau,valid_tau,test_r2,test_r,test_tau,test_auc,test_f1,trainable params,best_epoch,lr,batch_size,kernel_size_1,kernel_size_incept,kernel_number,lamda,model
0,0.11810317559222952,0.16852560529309948,0.8458831896977921,0.6833029830969318,0.08790712512748253,0.12512678119735868,0.9206411822661654,0.8269444494927778,0.728024732591331,0.6207623014412335,0.6848494147390278,0.8348466767154974,0.6325214704217517,,,382321,13,0.0001,32,"(3, 3, 27)","(1, 3, 5)","(24, 16, 32)",0.0001,Model_2
