allele,Description,Quantitative measurement,Normalized_QM
HLA-A_3201,CSANNSHHY,49800.0,0.0003704347069027891
HLA-A_3201,KTMAVTYEL,0.578,1.050664754480192
HLA-A_3201,RTFNRTHYW,0.243,1.1307507232084373
HLA-A_3201,KVLFLQQSI,0.7040000000000001,1.0324384579423223
HLA-A_3201,SIYGFGVTF,0.113,1.2015168336130682
HLA-A_3201,RVLGRVLPY,0.444,1.0750413451373384
HLA-A_3201,RTYGVNYTF,0.261,1.1241462473953694
HLA-A_3201,KIGMFNLTF,0.268,1.121700118418189
HLA-A_3201,KLFYVYYNL,0.344,1.0986262004228213
HLA-A_3201,MMMKWIISI,0.16699999999999998,1.165415724751418
HLA-A_3201,KMDNGTLEF,0.9229999999999999,1.0074055163029296
HLA-A_3201,KLITFLFVI,0.409,1.0826301703637973
HLA-A_3201,HLMFYTLPI,0.177,1.160040760622914
HLA-A_3201,SVMNFIPII,0.604,1.0465980972802162
HLA-A_3201,KLGNLLLLI,0.716,1.0308763362094808
HLA-A_3201,KTSGYISSF,0.502,1.0636940185995658
HLA-A_3201,ISLFYTFAI,0.5670000000000001,1.0524406286653691
HLA-A_3201,RTFLIDLAF,0.48,1.0678358794225702
HLA-A_3201,SIYRMSYQF,0.7979999999999999,1.0208550189847654
HLA-A_3201,RVLFNNFKI,0.885,1.0112911402399283
HLA-A_3201,MLMRVAVGI,0.6920000000000001,1.034027436948033
HLA-A_3201,RTYGLRNSL,0.626,1.0432915440196164
HLA-A_3201,SICEIVYSF,0.35200000000000004,1.0965014324635902
HLA-A_3201,KSLKKVYTF,0.485,1.0668781160781515
HLA-A_3201,HLSNYIVSI,0.986,1.0013030696201803
HLA-A_3201,KSLYITNTL,0.518,1.0607942251155384
HLA-A_3201,KSAHFLLIF,0.185,1.1559550860977539
HLA-A_3201,HMLEFLYSF,0.29600000000000004,1.1125157829169352
HLA-A_3201,VMYAFTTPL,0.29100000000000004,1.1140903241602724
HLA-A_3201,RSMYRIPPF,0.726,1.0295944386049676
HLA-A_3201,RLFYTFFSY,0.185,1.1559550860977539
HLA-A_3201,MIFFNPVSF,0.462,1.071368411403865
HLA-A_3201,KLNNVFYVF,0.521,1.0602604988836244
HLA-A_3201,TMFKIVYSL,0.915,1.0082100770802862
HLA-A_3201,IIFDIYFAI,0.934,1.0063105582164908
HLA-A_3201,KLNSFGVSI,0.551,1.0550861999351688
HLA-A_3201,MIAGVFFTF,0.966,1.0031970567104374
