allele,Description,Quantitative measurement,Normalized_QM
HLA-B_2704,QRSYVSGVL,5000.0,0.21281259490425353
HLA-B_2704,SRRTSRPNR,10000.0,0.14874962038298545
HLA-B_2704,GQYGNPLNK,10000.0,0.14874962038298545
HLA-B_2704,SRYWAIRTR,18000.0,0.09442441616424169
HLA-B_2704,RRRWRRLTV,800.0,0.3821858866276886
HLA-B_2704,SRSALLAQM,15000.0,0.11127518260338887
HLA-B_2704,KRAVGIGAL,24000.0,0.0678358794225703
HLA-B_2704,RRYPDAVYL,18000.0,0.09442441616424169
HLA-B_2704,RRAIATPGM,9000.0,0.15848739068550965
HLA-B_2704,RRRESEKSL,32000.0,0.04124734268089891
HLA-B_2704,GRRYGLIGL,11000.0,0.1399407356444089
HLA-B_2704,ARVGGVKRI,23000.0,0.07176938095098129
HLA-B_2704,ARFGGVKRI,15000.0,0.11127518260338887
HLA-B_2704,GRVYGLIGL,4000.0,0.23343626624470304
HLA-B_2704,GRFYGLIGL,6000.0,0.19596182846510646
HLA-B_2704,RRVESEKSL,14000.0,0.11765173392203843
HLA-B_2704,RRFESEKSL,11000.0,0.1399407356444089
HLA-B_2704,ARLFGIRAK,9000.0,0.15848739068550965
HLA-B_2704,FRYNGLIHR,10000.0,0.14874962038298545
HLA-B_2704,GRIDKPILK,20000.0,0.08468664586171759
HLA-B_2704,GRLTKHTKF,4000.0,0.23343626624470304
HLA-B_2704,KRFEGLTQR,20000.0,0.08468664586171759
HLA-B_2704,KRGILTLKY,2000.0,0.2974992407659711
HLA-B_2704,KRKKAYADF,5000.0,0.21281259490425353
HLA-B_2704,KRYKSIVKY,4000.0,0.23343626624470304
HLA-B_2704,RRIKEIVKK,10000.0,0.14874962038298545
HLA-B_2704,RRISGVDRY,5000.0,0.21281259490425353
HLA-B_2704,RRSKEITVR,10000.0,0.14874962038298545
HLA-B_2704,RRWLPAGDA,5000.0,0.21281259490425353
HLA-B_2704,RRYQKSTEL,1000.0,0.3615622152872392
