allele,Description,Quantitative measurement,Normalized_QM
HLA-B_5801,NAAEPEQPW,5000.0,0.21281259490425353
HLA-B_5801,LSIFDTSLF,5000.0,0.21281259490425353
HLA-B_5801,ATLNICNFW,5000.0,0.21281259490425353
HLA-B_5801,SSKMFNYFK,20000.0,0.08468664586171759
HLA-B_5801,LPADPASVL,20000.0,0.08468664586171759
HLA-B_5801,FQILHDRFF,20000.0,0.08468664586171759
HLA-B_5801,YQSMIRPPY,20000.0,0.08468664586171759
HLA-B_5801,FPHTELANL,20000.0,0.08468664586171759
HLA-B_5801,RPPYSSYGY,20000.0,0.08468664586171759
HLA-B_5801,TEAEKWPFF,20000.0,0.08468664586171759
HLA-B_5801,MASSVLLWM,0.3,1.1112751826033889
HLA-B_5801,WMADVPLQW,0.528,1.0590269946839936
HLA-B_5801,IAVASGLLW,0.6609999999999999,1.0382633939668584
HLA-B_5801,RVMGITAEW,0.8240000000000001,1.0178917482395728
HLA-B_5801,MGITAEWLW,0.436,1.0767218157167946
HLA-B_5801,ATGPVLTLW,0.42200000000000004,1.0797382295891609
HLA-B_5801,KVMGITAEW,0.8809999999999999,1.0117098197130814
HLA-B_5801,SLTKLAAAW,400.0,0.4462488611489567
HLA-B_5801,LTKLAAAWG,700.0,0.39452730334756003
HLA-B_5801,INTPAFEWY,510.0,0.4237949649392313
HLA-B_5801,KAGCQTYKW,29.0,0.6887832872843379
HLA-B_5801,AGCQTYKWE,230.0,0.49739457075948845
HLA-B_5801,RAVKPTGSA,510.0,0.4237949649392313
HLA-B_5801,SMAGSSAMI,230.0,0.49739457075948845
HLA-B_5801,SSAMILAAY,20.0,0.7231244305744784
HLA-B_5801,AAYHPQQFI,35.0,0.6714028727730816
HLA-B_5801,AAGGHNAVF,210.0,0.5058024859509489
HLA-B_5801,NGTHSWEYW,42.0,0.6545521063339345
HLA-B_5801,GTHSWEYWG,280.0,0.4792139492092776
HLA-B_5801,MSQIMYNYP,3808.0,0.23798259269407662
HLA-B_5801,QIMYNYPAM,12700.0,0.1266588811656313
HLA-B_5801,IMYNYPAML,163.8,0.5287661135565622
HLA-B_5801,MAGYAGTLQ,4009.0,0.23322854733573817
HLA-B_5801,EQAALQSAW,6283.0,0.1917022121419919
HLA-B_5801,QAALQSAWQ,44680.0,0.010397350876333422
HLA-B_5801,AALQSAWQG,1.69,0.951502839046985
HLA-B_5801,SAWQGDTGI,26.01,0.6988403094954769
HLA-B_5801,WQGDTGITY,7879.0,0.1707818741375724
HLA-B_5801,DTGITYQAW,969.5,0.3644250100215879
HLA-B_5801,TGITYQAWQ,3889.0,0.2360372720330407
HLA-B_5801,GITYQAWQA,94.22,0.5798774841974825
HLA-B_5801,ITYQAWQAQ,184.6,0.5177173519731544
HLA-B_5801,TYQAWQAQW,128.2,0.551414879593246
HLA-B_5801,YQAWQAQWN,1813.0,0.30657190808011303
HLA-B_5801,QAWQAQWNQ,4370.0,0.22525969869755869
HLA-B_5801,RAYHAMSST,11460.0,0.13615438832643734
HLA-B_5801,SSTHEANTM,1922.0,0.3011759214673828
HLA-B_5801,RAYHSMSST,20.0,0.7231244305744784
HLA-B_5801,MGRDIKVQF,260.0,0.4860632551937173
