allele,Description,Quantitative measurement,Normalized_QM
HLA-A_2902,FPHTELANL,20000.0,0.08468664586171759
HLA-A_2902,TEAEKWPFF,20000.0,0.08468664586171759
HLA-A_2902,TFEFTSFFY,0.1,1.2128125949042536
HLA-A_2902,CFLIFHFFL,10000.0,0.14874962038298545
HLA-A_2902,EYEPTANLL,10000.0,0.14874962038298545
HLA-A_2902,FFLKSKFNI,10000.0,0.14874962038298545
HLA-A_2902,HFFLFLLYI,10000.0,0.14874962038298545
HLA-A_2902,IYTIIQDQL,10000.0,0.14874962038298545
HLA-A_2902,KFNILSSPL,10000.0,0.14874962038298545
HLA-A_2902,KYEALIKLL,10000.0,0.14874962038298545
HLA-A_2902,KYINFINFI,10000.0,0.14874962038298545
HLA-A_2902,LEASISGKY,10000.0,0.14874962038298545
HLA-A_2902,LYILFLVKM,10000.0,0.14874962038298545
HLA-A_2902,LYYLFNQHI,10000.0,0.14874962038298545
HLA-A_2902,NFINFIKVL,10000.0,0.14874962038298545
HLA-A_2902,NHEQKLSEY,10000.0,0.14874962038298545
HLA-A_2902,NVDQQNDMY,10000.0,0.14874962038298545
HLA-A_2902,NYMKIMNHL,10000.0,0.14874962038298545
HLA-A_2902,QAAESNERY,10000.0,0.14874962038298545
HLA-A_2902,QEEQKKYIY,10000.0,0.14874962038298545
HLA-A_2902,RMTSLKNEL,10000.0,0.14874962038298545
HLA-A_2902,TWKPTIFLL,10000.0,0.14874962038298545
HLA-A_2902,TYGIIVPVL,10000.0,0.14874962038298545
HLA-A_2902,TYKKKNNHI,10000.0,0.14874962038298545
HLA-A_2902,VFLVFSNVL,10000.0,0.14874962038298545
HLA-A_2902,VYRHCEYIL,10000.0,0.14874962038298545
HLA-A_2902,VYYNILIVL,10000.0,0.14874962038298545
HLA-A_2902,YYNKSTEKL,10000.0,0.14874962038298545
HLA-A_2902,VMYMGTLSY,0.092,1.2205190013339668
HLA-A_2902,LAAEWVLAY,0.47,1.069781705727363
HLA-A_2902,YMLFTKFFY,0.023,1.348644950376503
HLA-A_2902,WFSQRGGSY,0.847,1.0153473185831676
HLA-A_2902,QTFSVLACY,0.36,1.0944244161642416
HLA-A_2902,LMNVITLVY,0.013999999999999999,1.39452730334756
HLA-A_2902,PMDSTVKNY,0.44799999999999995,1.0742124307412197
HLA-A_2902,YSNRNRFLY,0.588,1.0490794096814946
HLA-A_2902,HFISNSWLM,0.8420000000000001,1.015894527615931
HLA-A_2902,MYIFFASFY,0.42700000000000005,1.0786496029202037
HLA-A_2902,KYTQLCQYL,0.32299999999999995,1.1044478847951804
HLA-A_2902,VFQSATKII,0.043,1.2908151239866255
HLA-A_2902,LYLYALIYF,0.14300000000000002,1.1797551296891695
HLA-A_2902,LYMAISPKF,0.764,1.0248792057230485
HLA-A_2902,YFVASFRLF,0.039,1.299839197031135
HLA-A_2902,FFLPIFSEF,0.9209999999999999,1.0076060008406462
HLA-A_2902,FFQDIPIFF,0.08,1.2334362662447032
HLA-A_2902,KSCLPACVY,10000.0,0.14874962038298545
HLA-A_2902,YYLEKANKI,10000.0,0.14874962038298545
