allele,Description,Quantitative measurement,Normalized_QM
HLA-B_2706,SRYWAIRTR,20000.0,0.08468664586171759
HLA-B_2706,RRRWRRLTV,200.0,0.5103118356702248
HLA-B_2706,SRSALLAQM,1000.0,0.3615622152872392
HLA-B_2706,VRNKDLNTL,3000.0,0.26002480298637454
HLA-B_2706,HRFIYLINH,45000.0,0.009737770302524207
HLA-B_2706,KRAVGIGAL,1000.0,0.3615622152872392
HLA-B_2706,RRYPDAVYL,2000.0,0.2974992407659711
HLA-B_2706,RRAIATPGM,2000.0,0.2974992407659711
HLA-B_2706,ARRGGVKRI,1000.0,0.3615622152872392
HLA-B_2706,RRRESEKSL,900.0,0.3712999855897633
HLA-B_2706,GRRYGLIGL,1000.0,0.3615622152872392
HLA-B_2706,ARVGGVKRI,700.0,0.39452730334756003
HLA-B_2706,ARFGGVKRI,4000.0,0.23343626624470304
HLA-B_2706,GRVYGLIGL,1000.0,0.3615622152872392
HLA-B_2706,GRFYGLIGL,3000.0,0.26002480298637454
HLA-B_2706,RRVESEKSL,2000.0,0.2974992407659711
HLA-B_2706,RRFESEKSL,3000.0,0.26002480298637454
HLA-B_2706,FRYNGLIHR,20000.0,0.08468664586171759
HLA-B_2706,GRLTKHTKF,4000.0,0.23343626624470304
HLA-B_2706,KRFEGLTQR,40000.0,0.020623671340449512
HLA-B_2706,KRGILTLKY,40000.0,0.020623671340449512
HLA-B_2706,KRKKAYADF,1000.0,0.3615622152872392
HLA-B_2706,KRYKSIVKY,2000.0,0.2974992407659711
HLA-B_2706,RRISGVDRY,40000.0,0.020623671340449512
HLA-B_2706,RRSKEITVR,30000.0,0.04721220808212079
HLA-B_2706,RRWLPAGDA,30000.0,0.04721220808212079
