allele,Description,Quantitative measurement,Normalized_QM
HLA-B_5101,FPFVLAAII,0.92,1.0077064064297132
HLA-B_5101,MPFAGLLII,0.94,1.0057187312060951
HLA-B_5101,MPREDAHFI,0.46,1.0717693809509812
HLA-B_5101,FLLPILSQI,20000.0,0.08468664586171759
HLA-B_5101,SSKMFNYFK,20000.0,0.08468664586171759
HLA-B_5101,FQILHDRFF,20000.0,0.08468664586171759
HLA-B_5101,YQSMIRPPY,20000.0,0.08468664586171759
HLA-B_5101,RPPYSSYGY,20000.0,0.08468664586171759
HLA-B_5101,TEAEKWPFF,20000.0,0.08468664586171759
HLA-B_5101,FDVRPQVPL,1300.0,0.3373136348107316
HLA-B_5101,FFVRPQVPL,1300.0,0.3373136348107316
HLA-B_5101,FKVRPQVPL,1300.0,0.3373136348107316
HLA-B_5101,FLVRPQVPL,1300.0,0.3373136348107316
HLA-B_5101,FNVRPQVPL,1300.0,0.3373136348107316
HLA-B_5101,FPVRPQVPA,1300.0,0.3373136348107316
HLA-B_5101,FPVRPQVPC,1300.0,0.3373136348107316
HLA-B_5101,FPVRPQVPD,1300.0,0.3373136348107316
HLA-B_5101,FPVRPQVPF,1300.0,0.3373136348107316
HLA-B_5101,FPVRPQVPH,1300.0,0.3373136348107316
HLA-B_5101,FPVRPQVPK,1300.0,0.3373136348107316
HLA-B_5101,FPVRPQVPM,1300.0,0.3373136348107316
HLA-B_5101,FPVRPQVPN,1300.0,0.3373136348107316
HLA-B_5101,FPVRPQVPQ,1300.0,0.3373136348107316
HLA-B_5101,FPVRPQVPT,1300.0,0.3373136348107316
HLA-B_5101,FPVRPQVPW,1300.0,0.3373136348107316
HLA-B_5101,FPVRPQVPY,1300.0,0.3373136348107316
HLA-B_5101,FQVRPQVPL,1300.0,0.3373136348107316
HLA-B_5101,FTVRPQVPL,1300.0,0.3373136348107316
HLA-B_5101,SPLGERLEV,25000.0,0.06406297452126808
HLA-B_5101,DPSRGRLGL,25000.0,0.06406297452126808
HLA-B_5101,HPSDGKCNL,10000.0,0.14874962038298545
HLA-B_5101,QPRPRGDNF,10000.0,0.14874962038298545
HLA-B_5101,RPRGDNFAV,10000.0,0.14874962038298545
HLA-B_5101,IPYCNYSKY,27500.0,0.05525408978269131
HLA-B_5101,MPYNILDRI,0.41100000000000003,1.0821793239300528
HLA-B_5101,KPFNNILNL,500.0,0.4256251898085073
