allele,Description,Quantitative measurement,Normalized_QM
HLA-A_0205,ADAKAAAAV,10000.0,0.14874962038298545
HLA-A_0205,ALAKAAAAN,10000.0,0.14874962038298545
HLA-A_0205,ALAKAAAAR,10000.0,0.14874962038298545
HLA-A_0205,DPKVKQWPL,10000.0,0.14874962038298545
HLA-A_0205,EADPTGHSY,10000.0,0.14874962038298545
HLA-A_0205,ACAKAAAAV,430.0,0.4395647443696111
HLA-A_0205,AFAKAAAAV,430.0,0.4395647443696111
HLA-A_0205,AGAKAAAAV,430.0,0.4395647443696111
HLA-A_0205,AKAKAAAAV,430.0,0.4395647443696111
HLA-A_0205,ALAKAAAAC,430.0,0.4395647443696111
HLA-A_0205,ALAKAAAAF,430.0,0.4395647443696111
HLA-A_0205,ALAKAAAAG,430.0,0.4395647443696111
HLA-A_0205,ALAKAAAAP,430.0,0.4395647443696111
HLA-A_0205,ALAKAAAAS,430.0,0.4395647443696111
HLA-A_0205,ALAKAAAAT,430.0,0.4395647443696111
HLA-A_0205,ALAKAAAAY,430.0,0.4395647443696111
HLA-A_0205,ANAKAAAAV,430.0,0.4395647443696111
HLA-A_0205,APAKAAAAV,430.0,0.4395647443696111
HLA-A_0205,YDVAYQATV,430.0,0.4395647443696111
HLA-A_0205,YFVAYQATV,430.0,0.4395647443696111
HLA-A_0205,YKVAYQATV,430.0,0.4395647443696111
HLA-A_0205,YLVAYQATD,430.0,0.4395647443696111
HLA-A_0205,YLVAYQATF,430.0,0.4395647443696111
HLA-A_0205,YLVAYQATK,430.0,0.4395647443696111
HLA-A_0205,YLVAYQATP,430.0,0.4395647443696111
HLA-A_0205,YLVAYQATQ,430.0,0.4395647443696111
HLA-A_0205,YPVAYQATV,430.0,0.4395647443696111
