,train_rmse,valid_rmse,train_r2,valid_r2,train_mae,valid_mae,train_r,valid_r,train_tau,valid_tau,test_r2,test_r,test_tau,test_auc,test_f1,trainable params,best_epoch,lr,batch_size,kernel_size_1,kernel_size_incept,kernel_number,lamda,model
0,0.08746590187141305,0.16442001550966703,0.8823552202899693,0.5735816940077987,0.06895474427090081,0.13002690733142727,0.9463263142962316,0.7574405854414779,0.780286495047242,0.5206175030329545,0.6190594058510424,0.7882063554712883,0.5612086190707933,,,2327429,43,0.0001,32,"(3, 3, 11)","(1, 3, 5)","(60, 40, 80)",0.001,Model_5
