,train_rmse,valid_rmse,train_r2,valid_r2,train_mae,valid_mae,train_r,valid_r,train_tau,valid_tau,test_r2,test_r,test_tau,test_auc,test_f1,trainable params,best_epoch,lr,batch_size,kernel_size_1,kernel_size_incept,kernel_number,lamda,model
0,0.09580407355021647,0.08900877553887779,0.8659041625508286,0.8880879196136596,0.07290133169603762,0.06717174552707905,0.9392299985241752,0.9450407768492182,0.7468075548537993,0.7494865615455842,0.7192244078260588,0.8667029068730038,0.6243266417182248,,,1503953,47,0.0001,32,"(3, 3, 27)","(1, 3, 5)","(48, 32, 64)",1e-06,Model_5
