,train_rmse,valid_rmse,train_r2,valid_r2,train_mae,valid_mae,train_r,valid_r,train_tau,valid_tau,test_r2,test_r,test_tau,test_auc,test_f1,trainable params,best_epoch,lr,batch_size,kernel_size_1,kernel_size_incept,kernel_number,lamda,model
0,0.06679030218895704,0.17923281061889626,0.925688713911463,0.11153416560761642,0.04673193052887341,0.14774628586587268,0.9701728944674188,0.40083139826323994,0.8905225537485763,0.23809523809523814,0.638617041154333,0.8785859261183651,0.7333333333333333,,,204841,84,0.0001,32,"(3, 3, 7)","(1, 3, 5)","(36, 24, 48)",1e-06,Model_3
