,train_rmse,valid_rmse,train_r2,valid_r2,train_mae,valid_mae,train_r,valid_r,train_tau,valid_tau,test_r2,test_r,test_tau,test_auc,test_f1,trainable params,best_epoch,lr,batch_size,kernel_size_1,kernel_size_incept,kernel_number,lamda,model
0,0.09918002340966964,0.1755728637186172,0.8670606039798578,0.5607659962361957,0.07142652810805734,0.12529636838401817,0.9355623270842786,0.7536000861466985,0.72230777764354,0.5158303242117688,0.5713654877919403,0.7608422268095054,0.5473306035883366,,,473569,18,0.0001,32,"(3, 3, 21)","(1, 3, 5)","(60, 40, 80)",1e-07,Model_3
