,train_rmse,valid_rmse,train_r2,valid_r2,train_mae,valid_mae,train_r,valid_r,train_tau,valid_tau,test_r2,test_r,test_tau,test_auc,test_f1,trainable params,best_epoch,lr,batch_size,kernel_size_1,kernel_size_incept,kernel_number,lamda,model
0,0.053688918971109605,0.13039770116842425,0.9178256741747355,0.29522308936012176,0.03410302145435265,0.08470359478633209,0.966439844683923,0.5779336455556887,0.6411934630274787,0.4206288926129044,0.5655703157371775,0.7553053171410685,0.5475401099285998,,,2336069,27,0.0001,32,"(3, 3, 27)","(1, 3, 5)","(60, 40, 80)",1e-06,Model_5
