,train_rmse,valid_rmse,train_r2,valid_r2,train_mae,valid_mae,train_r,valid_r,train_tau,valid_tau,test_r2,test_r,test_tau,test_auc,test_f1,trainable params,best_epoch,lr,batch_size,kernel_size_1,kernel_size_incept,kernel_number,lamda,model
0,0.026343165797023085,0.10803613831611351,0.9833948768591261,0.6634500986462732,0.016281411830943615,0.06025508969343185,0.992305157518984,0.8169461607529868,0.6082377955046028,0.3788120901646341,0.7063900180033508,0.8419354403595232,0.47050011426708516,,,468169,86,0.0001,32,"(3, 3, 11)","(1, 3, 5)","(60, 40, 80)",0.001,Model_3
