,train_rmse,valid_rmse,train_r2,valid_r2,train_mae,valid_mae,train_r,valid_r,train_tau,valid_tau,test_r2,test_r,test_tau,test_auc,test_f1,trainable params,best_epoch,lr,batch_size,kernel_size_1,kernel_size_incept,kernel_number,lamda,model
0,0.02076933009676818,0.059136320869985666,0.981428634090874,0.8791806866807358,0.018035790178107018,0.04329479478902331,0.9967005692660161,0.9407411874051227,0.8952418536042347,0.33501260508640396,0.25192239543200134,0.7644489371512312,0.6735753140545634,,,209377,177,5e-05,32,"(3, 3, 21)","(1, 3, 5)","(36, 24, 48)",1e-07,Model_3
