,train_rmse,valid_rmse,train_r2,valid_r2,train_mae,valid_mae,train_r,valid_r,train_tau,valid_tau,test_r2,test_r,test_tau,test_auc,test_f1,trainable params,best_epoch,lr,batch_size,kernel_size_1,kernel_size_incept,kernel_number,lamda,model
0,0.01804875249921783,0.16116717910778455,0.9940182166724022,0.6151995921186726,0.015528622846951777,0.12993779534048802,0.999075651945085,0.7847785109337823,0.9725124947601728,0.5614943145574065,0.6931441049190531,0.8348399392292534,0.6239325158950672,,,1207265,92,0.0001,32,"(3, 3, 7)","(1, 3, 5)","(48, 32, 64)",1e-06,Model_1
