,train_rmse,valid_rmse,train_r2,valid_r2,train_mae,valid_mae,train_r,valid_r,train_tau,valid_tau,test_r2,test_r,test_tau,test_auc,test_f1,trainable params,best_epoch,lr,batch_size,kernel_size_1,kernel_size_incept,kernel_number,lamda,model
0,0.0005292946958508036,0.14370514222902264,0.9999981750038781,0.8730066793557386,0.0003671061845318149,0.11980998948829875,0.9999991296226239,0.9438535894386625,0.8754065533587047,0.80075721739621,0.5398511348519146,0.7444756594375317,0.4634575486582175,,,1505681,199,0.0001,32,"(3, 3, 31)","(1, 3, 5)","(48, 32, 64)",1e-06,Model_5
