,train_rmse,valid_rmse,train_r2,valid_r2,train_mae,valid_mae,train_r,valid_r,train_tau,valid_tau,test_r2,test_r,test_tau,test_auc,test_f1,trainable params,best_epoch,lr,batch_size,kernel_size_1,kernel_size_incept,kernel_number,lamda,model
0,0.057970190066510836,0.12681333210652798,0.9271866188210277,0.32012754940685706,0.04824198031429696,0.09437362901458572,0.9828558045837271,0.6488406237719994,0.8862531455487799,0.4871794871794871,0.5950130480333862,0.7964867197444054,0.55249462010983,,,209377,62,0.0001,32,"(3, 3, 21)","(1, 3, 5)","(36, 24, 48)",1e-07,Model_3
