,train_rmse,valid_rmse,train_r2,valid_r2,train_mae,valid_mae,train_r,valid_r,train_tau,valid_tau,test_r2,test_r,test_tau,test_auc,test_f1,trainable params,best_epoch,lr,batch_size,kernel_size_1,kernel_size_incept,kernel_number,lamda,model
0,0.07876263552939274,0.1429333896992224,0.8410198735585519,0.4980308010482283,0.050746123925849984,0.08576187093796485,0.9212633574529641,0.7089964186369432,0.6270170849179292,0.5145764571130451,0.5107258115732001,0.7152794483342194,0.44943906497619707,,,856013,16,0.0001,32,"(3, 3, 31)","(1, 3, 5)","(36, 24, 48)",0.0001,Model_5
