,train_rmse,valid_rmse,train_r2,valid_r2,train_mae,valid_mae,train_r,valid_r,train_tau,valid_tau,test_r2,test_r,test_tau,test_auc,test_f1,trainable params,best_epoch,lr,batch_size,kernel_size_1,kernel_size_incept,kernel_number,lamda,model
0,0.024234063465408812,0.0844389058982352,0.9575433062272798,0.12040965738432752,0.017624966095213395,0.06091086761921249,0.9846939770173079,0.36502947861118185,0.6862493095646732,0.19653219560684396,0.366183087080429,0.6633454089413642,0.3441538897917241,,,856013,45,0.0001,32,"(3, 3, 31)","(1, 3, 5)","(36, 24, 48)",0.0001,Model_5
