,train_rmse,valid_rmse,train_r2,valid_r2,train_mae,valid_mae,train_r,valid_r,train_tau,valid_tau,test_r2,test_r,test_tau,test_auc,test_f1,trainable params,best_epoch,lr,batch_size,kernel_size_1,kernel_size_incept,kernel_number,lamda,model
0,0.17381965055605636,0.2867518967815152,0.5119685163723842,0.07305540027190771,0.13637815423220515,0.22992112837559375,0.8245154933167014,0.27146091791218496,0.6473301501686307,0.2662145872969314,0.2640730907143035,0.5634459103133651,0.43050133943440205,,,849533,48,0.0001,32,"(3, 3, 11)","(1, 3, 5)","(36, 24, 48)",0.0001,Model_5
