,train_rmse,valid_rmse,train_r2,valid_r2,train_mae,valid_mae,train_r,valid_r,train_tau,valid_tau,test_r2,test_r,test_tau,test_auc,test_f1,trainable params,best_epoch,lr,batch_size,kernel_size_1,kernel_size_incept,kernel_number,lamda,model
0,0.06019161945226878,0.16083055688405443,0.9484748200680173,0.6367354023173063,0.04017297282200909,0.09889850151928055,0.9753366387218818,0.8000719046683955,0.7203299866504984,0.5909263501777052,0.6401335299401131,0.8072678604360002,0.5432491798558718,,,382321,20,0.0001,32,"(3, 3, 27)","(1, 3, 5)","(24, 16, 32)",1e-06,Model_2
