,train_rmse,valid_rmse,train_r2,valid_r2,train_mae,valid_mae,train_r,valid_r,train_tau,valid_tau,test_r2,test_r,test_tau,test_auc,test_f1,trainable params,best_epoch,lr,batch_size,kernel_size_1,kernel_size_incept,kernel_number,lamda,model
0,0.11667167381328349,0.18581755487782242,0.8079233323338404,0.5214179206827134,0.08678513564497599,0.14152364243646368,0.9046820859833211,0.7242077132356193,0.703746823976513,0.5087413035087568,0.5229056962154546,0.7243371122605768,0.5464461224325297,,,206137,112,5e-05,32,"(3, 3, 11)","(1, 3, 5)","(36, 24, 48)",0.01,Model_3
