,train_rmse,valid_rmse,train_r2,valid_r2,train_mae,valid_mae,train_r,valid_r,train_tau,valid_tau,test_r2,test_r,test_tau,test_auc,test_f1,trainable params,best_epoch,lr,batch_size,kernel_size_1,kernel_size_incept,kernel_number,lamda,model
0,0.049583083537308274,0.20364460615037408,0.9655931799723236,0.4465125286354231,0.03545263893567848,0.1568801220876871,0.9874821698646639,0.6739680100203546,0.8816710971312327,0.4538362766101515,0.548492984232009,0.7415105393164249,0.472431488229033,,,777097,49,0.0001,32,"(3, 3, 27)","(1, 3, 5)","(36, 24, 48)",1e-06,Model_2
