allele,peptide,measurement_value,measurement_inequality,measurement_type,measurement_source,pep_len,Normalized_QM,VTAPERNet_BAV_Normalized,VTAPERNet_BAV
HLA-E*01:03,FMTRLGPLL,37000.0,=,quantitative,kim2014,9,0.027829137055217727,0.19078174233436584,6345.886785170335
HLA-E*01:03,IMANRAQVL,400.0,=,quantitative,kim2014,9,0.4462488611489567,0.18559415638446808,6712.2578350292815
HLA-E*01:03,QMRACARRL,1500.0,=,quantitative,kim2014,9,0.3240877775076425,0.2684468924999237,2738.7103856713898
HLA-E*01:03,RLANLLPLI,32000.0,=,quantitative,kim2014,9,0.04124734268089891,0.23099885880947113,4106.89212770812
HLA-E*01:03,TSADRAVVL,39000.0,=,quantitative,kim2014,9,0.022963627605613324,0.17854197323322296,7244.470154930457
HLA-E*01:03,VLPACLGIL,12000.0,=,quantitative,kim2014,9,0.13189885394383838,0.17795430123806,7290.680737387638
