allele,peptide,measurement_value,measurement_inequality,measurement_type,measurement_source,pep_len,Normalized_QM,VTAPERNet_BAV_Normalized,VTAPERNet_BAV
HLA-B*14:02,APRTLVYLL,48317.574739,=,quantitative,kim2014,9,0.0031634330964355195,0.1400388926267624,10988.323796728739
HLA-B*14:02,FFSPFFFSL,5000.0,=,quantitative,Buus - purified MHC/competitive/fluorescence,9,0.21281259490425355,0.24670842289924622,3464.930479352906
HLA-B*14:02,GSSDFQVHFLK,20000.0,=,quantitative, - purified MHC/competitive/fluorescence,11,0.08468664586171759,0.1193666011095047,13742.632287411938
HLA-B*14:02,ILNRETLLDFV,20000.0,=,quantitative, - purified MHC/competitive/fluorescence,11,0.08468664586171759,0.14546972513198853,10361.249445490004
HLA-B*14:02,LPADPASVL,14517.9,=,quantitative, - purified MHC/competitive/fluorescence,9,0.11429445244475478,0.16438302397727966,8443.822697172965
HLA-B*14:02,NGNFNFERV,5000.0,=,quantitative,Buus - purified MHC/competitive/fluorescence,9,0.21281259490425355,0.20757703483104706,5291.414024772972
HLA-B*14:02,SYMMDDLELI,20000.0,=,quantitative, - purified MHC/competitive/fluorescence,10,0.08468664586171759,0.09726785123348236,17454.655796446852
HLA-B*14:02,WLYDLWGQL,5000.0,=,quantitative,Buus - purified MHC/competitive/fluorescence,9,0.21281259490425355,0.24977272748947144,3351.9339323281893
HLA-B*14:02,YQAENSTAE,5000.0,=,quantitative,Buus - purified MHC/competitive/fluorescence,9,0.21281259490425355,0.1792108714580536,7192.2288022085
