allele,peptide,measurement_value,measurement_inequality,measurement_type,measurement_source,pep_len,Normalized_QM,VTAPERNet_BAV_Normalized,VTAPERNet_BAV
HLA-B*58:02,GSVNVVYTF,33.425266,=,quantitative,kim2014,9,0.6756576716430567,0.34351998567581177,1215.569783102073
HLA-B*58:02,KALGPGATL,4515.023914,=,quantitative,kim2014,9,0.2222423102209885,0.3220040798187256,1534.2018143013852
HLA-B*58:02,KTILKALGP,40155.785388,=,quantitative,kim2014,9,0.02026441534256607,0.35906168818473816,1027.4244624717173
HLA-B*58:02,TSTLQEQIGWF,7230.867528,=,quantitative,kim2014,11,0.1787156756437731,0.344892293214798,1197.6542605557645
HLA-B*58:02,VSFIEFVGW,1924.557352,=,quantitative,kim2014,9,0.3010530276610737,0.3895299732685089,738.8909446277295
