allele,peptide,measurement_value,measurement_inequality,measurement_type,measurement_source,pep_len,Normalized_QM,VTAPERNet_BAV_Normalized,VTAPERNet_BAV
HLA-B*57:03,FSVPLDEGF,21.0000183716,=,quantitative,kim2014,9,0.7186149999997831,0.638354480266571,50.04508709814572
HLA-B*57:03,HTQGYFPDWQN,674.420299,=,quantitative,kim2014,11,0.3979679311019019,0.5732865333557129,101.18445112746984
HLA-B*57:03,VSRRANGWF,33.9999991256,=,quantitative,kim2014,9,0.6740819999999923,0.6065701842308044,70.58540373062016
