allele,peptide,measurement_value,measurement_inequality,measurement_type,measurement_source,pep_len,Normalized_QM,VTAPERNet_BAV_Normalized,VTAPERNet_BAV
HLA-B*14:01,ARLKIRGSL,1037.9671970000004,=,quantitative,kim2014,9,0.3581181352751218,0.40787261724472046,605.8830602357783
HLA-B*14:01,ARYARAAAL,8.308596000000001,=,quantitative,kim2014,9,0.8043129363773291,0.36240148544311523,990.960388187738
HLA-B*14:01,AYIDNYNKF,2521.826579,=,quantitative,kim2014,9,0.27607215739685875,0.32938939332962036,1416.3778464161323
HLA-B*14:01,DRYRARHSL,2.558655,=,quantitative,kim2014,9,0.9131699647529644,0.44566255807876587,402.54553316450506
HLA-B*14:01,LQYEGGAAL,14485.574987,=,quantitative,kim2014,9,0.11450046822490755,0.32988712191581726,1408.7707102492757
