allele,peptide,measurement_value,measurement_inequality,measurement_type,measurement_source,pep_len,Normalized_QM,VTAPERNet_BAV_Normalized,VTAPERNet_BAV
HLA-B*73:01,ARIDARIDF,20000.0,=,quantitative,Buus - purified MHC/direct/fluorescence,9,0.08468664586171759,0.24551011621952057,3510.147226090102
HLA-B*73:01,FPLWWVSSI,20000.0,=,quantitative,Buus - purified MHC/direct/fluorescence,9,0.08468664586171759,0.3509272336959839,1121.9498878594115
HLA-B*73:01,FPYAIRLVA,129.8,=,quantitative,Buus - purified MHC/competitive/fluorescence,9,0.5502685289511731,0.3776470124721527,840.268379061893
HLA-B*73:01,FRAAVRAHF,3500.0,=,quantitative,Buus - purified MHC/direct/fluorescence,9,0.2457776829645745,0.2586962580680847,3043.435116841774
HLA-B*73:01,GRWMLPQGM,20000.0,=,quantitative,Buus - purified MHC/direct/fluorescence,9,0.08468664586171759,0.4907313287258148,247.19416239133318
HLA-B*73:01,HRYLIRQSM,581.7,=,quantitative,Buus - purified MHC/direct/fluorescence,9,0.4116372181037087,0.5106657147407532,199.235685556385
HLA-B*73:01,KQWGWFALL,20000.0,=,quantitative,Buus - purified MHC/direct/fluorescence,9,0.08468664586171759,0.29600247740745544,2032.6529835027254
HLA-B*73:01,MRIPVERTL,20000.0,=,quantitative,Buus - purified MHC/direct/fluorescence,9,0.08468664586171759,0.37525439262390137,862.3049306544182
HLA-B*73:01,NRWKSWFSY,9.8,=,quantitative,Buus - purified MHC/direct/fluorescence,9,0.7890546066951201,0.5388361811637878,146.89092030640185
HLA-B*73:01,RRATAILRK,20000.0,=,quantitative,Buus - purified MHC/direct/fluorescence,9,0.08468664586171759,0.21652400493621826,4803.194794816773
HLA-B*73:01,RRRIGEIFK,20000.0,=,quantitative,Buus - purified MHC/competitive/fluorescence,9,0.08468664586171759,0.20898330211639404,5211.511930114792
HLA-B*73:01,SRIGAWASK,20000.0,=,quantitative,Buus - purified MHC/direct/fluorescence,9,0.08468664586171759,0.2684105932712555,2739.7862243503228
HLA-B*73:01,SRKKGFLGL,20000.0,=,quantitative,Buus - purified MHC/direct/fluorescence,9,0.08468664586171759,0.2994402050971985,1958.4363551002377
HLA-B*73:01,SRWRIRSGL,2400.6,=,quantitative,Buus - purified MHC/competitive/fluorescence,9,0.28062537138066035,0.4574483335018158,354.3512806556013
