allele,peptide,measurement_value,measurement_inequality,measurement_type,measurement_source,pep_len,Normalized_QM,VTAPERNet_BAV_Normalized,VTAPERNet_BAV
HLA-B*42:01,AINSEMFLL,1474.9354939999994,=,quantitative,kim2014,9,0.32564518947220444,0.4665749669075012,321.03193026546364
HLA-B*42:01,FPFKYAAAF,23.361506,=,quantitative,kim2014,9,0.7087657859310925,0.6446419954299927,46.75376657965222
HLA-B*42:01,FPVRPQVPL,3.684403,=,quantitative,kim2014,9,0.8794699419807446,0.7201875448226929,20.645734291644658
HLA-B*42:01,HPDIVIYQY,36369.648373,=,quantitative,kim2014,9,0.029417276968159545,0.26756879687309265,2764.854322791208
HLA-B*42:01,HTQGYFPDWQ,18315.509822,=,quantitative,kim2014,10,0.09281842445170696,0.19838425517082214,5844.78230374392
HLA-B*42:01,IPLTEEAEL,675.658096,=,quantitative,kim2014,9,0.3977984574475252,0.5473669171333313,133.93968689211727
HLA-B*42:01,PLRPMTYR,995.36463,=,quantitative,kim2014,8,0.3619916276578784,0.26965123414993286,2703.254554884826
HLA-B*42:01,RILHNFAYSL,37.290013,=,quantitative,kim2014,10,0.6655453145446006,0.2573247253894806,3088.9354890115037
HLA-B*42:01,RPMTYKAAL,2.179908,=,quantitative,kim2014,9,0.9279760958504626,0.6623327732086182,38.60896594222857
HLA-B*42:01,TPGPGIRYPL,7.440382,=,quantitative,kim2014,10,0.8145135566682877,0.853155255317688,4.89800304245965
HLA-B*42:01,YEFLQPILL,4887.410462,=,quantitative,kim2014,9,0.21491756475549706,0.3364444971084595,1312.2827024050248
