,train_rmse,valid_rmse,train_r2,valid_r2,train_mae,valid_mae,train_r,valid_r,train_tau,valid_tau,test_r2,test_r,test_tau,test_auc,test_f1,trainable params,best_epoch,lr,batch_size,kernel_size_1,kernel_size_incept,kernel_number,lamda,model
0,0.10008225543175031,0.16327362323563016,0.8732614460782717,0.6325699488365464,0.07506254419064032,0.12080391563497252,0.9358511468692395,0.79936733334113,0.752644383299377,0.6047055204861433,0.6237647819637934,0.7915490747719692,0.5909779994478995,,,1495313,14,0.0001,32,"(3, 3, 7)","(1, 3, 5)","(48, 32, 64)",0.0001,Model_5
