,train_rmse,valid_rmse,train_r2,valid_r2,train_mae,valid_mae,train_r,valid_r,train_tau,valid_tau,test_r2,test_r,test_tau,test_auc,test_f1,trainable params,best_epoch,lr,batch_size,kernel_size_1,kernel_size_incept,kernel_number,lamda,model
0,0.0732344655318681,0.17051439158327064,0.9325121341136793,0.6392483635533321,0.052630043856782084,0.1260878653335738,0.9678731577195995,0.7996045753600728,0.8088558180143718,0.5822968059912205,0.6118531313203286,0.7823721103106861,0.561547371927934,,,312017,43,0.0001,32,"(3, 3, 7)","(1, 3, 5)","(24, 16, 32)",0.0001,Model_1
